movieId,title,genres
1,Movie 1 (1998),Fantasy|Crime
2,Movie 2 (2021),Crime|Western
3,Movie 3 (1993),Mystery|Romance|Action
4,Movie 4 (2022),Romance|Crime
5,Movie 5 (2009),Animation|Mystery
6,Movie 6 (2024),Film-Noir|Children|Animation|Western
7,Movie 7 (1997),Documentary|Adventure|Animation|Sci-Fi
8,Movie 8 (2006),Mystery|Children
9,Movie 9 (2018),Fantasy|Comedy|Adventure|Drama
10,Movie 10 (2002),Fantasy|Romance|Drama|Comedy
11,Movie 11 (1997),Musical
12,Movie 12 (2003),Horror|Animation|Crime|Romance
13,Movie 13 (2025),Animation|War|Musical
14,Movie 14 (2007),Crime|Film-Noir|Fantasy
15,Movie 15 (2011),Musical|Animation|Documentary
16,Movie 16 (1994),Crime|Action|Romance
17,Movie 17 (2007),Sci-Fi|Drama|Documentary
18,Movie 18 (1998),Documentary|Animation|Western
19,Movie 19 (1992),Crime|War
20,Movie 20 (1985),Horror|Action|Thriller
21,Movie 21 (2009),Documentary|Sci-Fi
22,Movie 22 (2022),Drama|Adventure|Fantasy
23,Movie 23 (1993),Documentary
24,Movie 24 (2015),Documentary
25,Movie 25 (2013),Fantasy|War|Animation|Documentary
26,Movie 26 (2008),Children|Fantasy
27,Movie 27 (2008),War
28,Movie 28 (1987),Western
29,Movie 29 (2017),Comedy|Adventure
30,Movie 30 (1995),War|Musical|Action|Comedy
31,Movie 31 (2002),Children|Action
32,Movie 32 (2010),War|Documentary|Film-Noir
33,Movie 33 (1996),Mystery
34,Movie 34 (2013),Mystery|Thriller
35,Movie 35 (2018),Children|Fantasy|Mystery|Sci-Fi
36,Movie 36 (1982),Film-Noir|Romance
37,Movie 37 (2000),Horror|Animation|Film-Noir|Musical
38,Movie 38 (2017),Children|Western
39,Movie 39 (2003),Romance|Drama
40,Movie 40 (1988),Documentary|Musical|Thriller
41,Movie 41 (2013),Animation|Documentary|Romance
42,Movie 42 (1982),Film-Noir|Adventure|Horror|Romance
43,Movie 43 (1986),Horror
44,Movie 44 (1992),Film-Noir|Documentary|Sci-Fi|Fantasy
45,Movie 45 (1992),Children|Sci-Fi
46,Movie 46 (2002),Western|Drama|Film-Noir|Romance
47,Movie 47 (2008),Children|Animation|Fantasy
48,Movie 48 (1987),Documentary
49,Movie 49 (1997),Documentary|Children
50,Movie 50 (2018),War|Romance
51,Movie 51 (1994),Horror|Comedy
52,Movie 52 (1994),Film-Noir|Western|Adventure
53,Movie 53 (1988),Comedy|Musical|Adventure|Animation
54,Movie 54 (1993),Children|Sci-Fi|Horror
55,Movie 55 (2005),Comedy|Animation|Western
56,Movie 56 (1993),Sci-Fi|Horror|Fantasy
57,Movie 57 (2024),Children|Western|Fantasy
58,Movie 58 (1998),Musical|Thriller|Western|Mystery
59,Movie 59 (2022),Animation|Comedy|Crime|Horror
60,Movie 60 (1991),Sci-Fi|Thriller|Children|Drama
61,Movie 61 (2024),Romance|Children
62,Movie 62 (2000),Animation|Western
63,Movie 63 (1993),Crime|Western
64,Movie 64 (2003),Adventure|Animation|War
65,Movie 65 (1998),Drama
66,Movie 66 (2023),Western|Animation|Documentary|War
67,Movie 67 (1992),Animation|Romance|Thriller|Adventure
68,Movie 68 (1988),Animation|Adventure
69,Movie 69 (1987),Action|Horror|Drama|Animation
70,Movie 70 (1987),Western|Film-Noir
71,Movie 71 (2014),Comedy|Romance|Mystery|Sci-Fi
72,Movie 72 (1980),Film-Noir|Horror
73,Movie 73 (1985),Drama
74,Movie 74 (1990),Adventure|Comedy|Animation|Children
75,Movie 75 (2015),War|Musical|Thriller
76,Movie 76 (1990),Comedy|Romance
77,Movie 77 (1985),Western
78,Movie 78 (2021),Mystery|Sci-Fi
79,Movie 79 (2013),Crime|Musical|Thriller|Adventure
80,Movie 80 (2008),Romance|Mystery
81,Movie 81 (2007),Romance|Children|Drama
82,Movie 82 (2016),Drama|Crime|Documentary|Fantasy
83,Movie 83 (2009),Comedy|Thriller
84,Movie 84 (2018),Fantasy
85,Movie 85 (1989),Action|Animation
86,Movie 86 (2008),Mystery|Film-Noir
87,Movie 87 (2007),Animation
88,Movie 88 (1980),Comedy|Mystery|Action|Adventure
89,Movie 89 (1993),Fantasy|Thriller|Mystery
90,Movie 90 (2014),Musical|Film-Noir|Mystery
91,Movie 91 (2019),Drama
92,Movie 92 (1988),Fantasy|Horror
93,Movie 93 (1983),Comedy|Drama
94,Movie 94 (1997),Crime|Documentary
95,Movie 95 (1990),Adventure
96,Movie 96 (2013),Animation|Drama|Thriller|Documentary
97,Movie 97 (1998),Fantasy|War
98,Movie 98 (1991),Drama|Sci-Fi
99,Movie 99 (2015),Mystery
100,Movie 100 (1997),Action|War|Romance
101,Movie 101 (2016),Musical|Romance|Sci-Fi|Thriller
102,Movie 102 (1990),Action
103,Movie 103 (2012),Action|Fantasy|Crime|Mystery
104,Movie 104 (2025),Western|War
105,Movie 105 (2009),Western|Horror|Sci-Fi
106,Movie 106 (2023),Film-Noir|Crime
107,Movie 107 (2021),Horror|Fantasy
108,Movie 108 (1990),Drama
109,Movie 109 (2006),Thriller
110,Movie 110 (1990),Adventure|Action|Mystery
111,Movie 111 (1994),War|Action|Children
112,Movie 112 (1987),Mystery|Sci-Fi
113,Movie 113 (1981),Documentary|Drama|Film-Noir
114,Movie 114 (2001),Crime|Sci-Fi|Thriller|Horror
115,Movie 115 (2007),War|Drama|Comedy
116,Movie 116 (2008),Fantasy|Documentary|Drama|Animation
117,Movie 117 (1996),Documentary|Drama|Musical
118,Movie 118 (2017),Mystery|Romance|Sci-Fi|Musical
119,Movie 119 (2020),Adventure|Thriller
120,Movie 120 (2011),Musical|Romance|Fantasy
121,Movie 121 (2013),Comedy|Crime
122,Movie 122 (2021),Children|Animation|Western
123,Movie 123 (1983),Comedy|Documentary
124,Movie 124 (1997),Horror
125,Movie 125 (2009),Adventure
126,Movie 126 (2004),Documentary|Animation
127,Movie 127 (1980),Romance|Action
128,Movie 128 (2020),Horror|Film-Noir|Romance|Adventure
129,Movie 129 (2019),Mystery|Musical
130,Movie 130 (2001),Animation|Musical|Children|Comedy
131,Movie 131 (1991),Adventure|Romance|Children
132,Movie 132 (1996),Mystery|Animation
133,Movie 133 (2018),Drama|Mystery|Children|Adventure
134,Movie 134 (2009),Action
135,Movie 135 (2013),Animation|Sci-Fi|Crime|Drama
136,Movie 136 (2022),Mystery|Drama
137,Movie 137 (2001),Adventure|Western
138,Movie 138 (2006),Documentary|Film-Noir
139,Movie 139 (2004),Comedy
140,Movie 140 (2016),Animation
141,Movie 141 (2021),Musical
142,Movie 142 (1987),Documentary|Crime|Animation
143,Movie 143 (1991),Children
144,Movie 144 (1981),Documentary|Children|Thriller|Western
145,Movie 145 (2012),Documentary
146,Movie 146 (2016),Action|Comedy
147,Movie 147 (2024),Adventure|Sci-Fi|Film-Noir
148,Movie 148 (2018),Adventure|Fantasy|Romance
149,Movie 149 (2009),Film-Noir|War
150,Movie 150 (1988),Crime|War|Romance
151,Movie 151 (2023),Film-Noir
152,Movie 152 (2012),Comedy
153,Movie 153 (2002),Documentary
154,Movie 154 (1998),Film-Noir|Mystery|Musical
155,Movie 155 (1998),Horror|War
156,Movie 156 (2013),Documentary|Romance|Crime|Children
157,Movie 157 (2004),Fantasy
158,Movie 158 (2022),Comedy|Film-Noir|Crime|Drama
159,Movie 159 (2007),Adventure|Film-Noir|Animation
160,Movie 160 (1987),Drama|Musical|Horror|Romance
161,Movie 161 (2005),Film-Noir|Mystery
162,Movie 162 (1992),Animation|Horror|Romance
163,Movie 163 (1984),Horror|Fantasy
164,Movie 164 (2006),Drama|Thriller
165,Movie 165 (2021),Sci-Fi|Western
166,Movie 166 (1983),Thriller|Mystery|Crime
167,Movie 167 (1986),Horror|Action
168,Movie 168 (2019),Fantasy|Adventure|Crime|Sci-Fi
169,Movie 169 (2018),War|Comedy|Action
170,Movie 170 (2019),Action
171,Movie 171 (2014),Western|Adventure|Comedy|Mystery
172,Movie 172 (2008),Comedy|Western
173,Movie 173 (2014),Comedy|Mystery|Action
174,Movie 174 (1981),Drama|Sci-Fi|Adventure|Horror
175,Movie 175 (2016),Comedy
176,Movie 176 (2004),Comedy|Children|Action
177,Movie 177 (1988),Thriller|Documentary|Film-Noir
178,Movie 178 (2019),Horror|Comedy|Animation|Children
179,Movie 179 (1999),Romance|Horror|Western
180,Movie 180 (1989),Mystery|Horror|Comedy|Animation
181,Movie 181 (2001),Mystery|Animation
182,Movie 182 (1982),Film-Noir|Action|Children
183,Movie 183 (2012),Action|Horror|Western|Drama
184,Movie 184 (2008),Comedy|Romance|Crime|Sci-Fi
185,Movie 185 (2015),Western|Film-Noir
186,Movie 186 (1996),Adventure|Film-Noir
187,Movie 187 (1993),War|Drama|Children|Film-Noir
188,Movie 188 (1994),Horror|Musical|Western|Documentary
189,Movie 189 (2023),Drama|Crime|Film-Noir|Horror
190,Movie 190 (2011),Action|Thriller
191,Movie 191 (2014),Fantasy|War|Musical|Romance
192,Movie 192 (2019),Film-Noir
193,Movie 193 (2025),Romance|Adventure|Thriller
194,Movie 194 (1994),Adventure|Thriller|Film-Noir|Comedy
195,Movie 195 (1990),Drama|Adventure|Sci-Fi|Children
196,Movie 196 (1988),Mystery|Documentary|Sci-Fi
197,Movie 197 (1991),Thriller
198,Movie 198 (1982),Action|Adventure
199,Movie 199 (2002),Musical|Western
200,Movie 200 (2020),War
201,Movie 201 (1997),Documentary|War
202,Movie 202 (1990),Animation|Horror|Drama
203,Movie 203 (2004),Children
204,Movie 204 (1989),Documentary
205,Movie 205 (1981),Children|Romance
206,Movie 206 (1980),Crime|Fantasy|Documentary|Drama
207,Movie 207 (2025),War|Thriller|Romance|Crime
208,Movie 208 (2009),Western|Romance
209,Movie 209 (2003),Horror|Romance|War
210,Movie 210 (1989),Documentary|Film-Noir|Musical|Animation
211,Movie 211 (1990),Romance|Documentary|Horror|War
212,Movie 212 (2013),War|Drama
213,Movie 213 (1991),Film-Noir
214,Movie 214 (2023),Animation|Sci-Fi
215,Movie 215 (2019),Action|Animation
216,Movie 216 (2005),Western|Horror|Adventure
217,Movie 217 (1993),Children|Romance|Fantasy|Thriller
218,Movie 218 (2005),Animation
219,Movie 219 (2013),Western|Musical
220,Movie 220 (2007),Horror
221,Movie 221 (1990),Mystery|Drama|Animation|Adventure
222,Movie 222 (1987),Musical
223,Movie 223 (1981),Musical|Fantasy
224,Movie 224 (2013),Fantasy|Children
225,Movie 225 (2022),Horror|War|Fantasy|Romance
226,Movie 226 (2025),Animation|Film-Noir
227,Movie 227 (1999),Children|Comedy|Musical
228,Movie 228 (1988),Comedy|Horror|Animation|Thriller
229,Movie 229 (1992),Mystery|Crime
230,Movie 230 (2004),Adventure|Musical|Thriller|Children
231,Movie 231 (2011),War|Mystery
232,Movie 232 (2000),Comedy|Documentary
233,Movie 233 (1989),Romance|Thriller|Drama
234,Movie 234 (2001),War|Comedy
235,Movie 235 (2004),Drama|Sci-Fi
236,Movie 236 (2007),Documentary|Action|Film-Noir
237,Movie 237 (2023),War|Crime|Film-Noir
238,Movie 238 (1994),Thriller|Horror
239,Movie 239 (2005),Mystery|Romance|Thriller
240,Movie 240 (2024),Fantasy
241,Movie 241 (2004),Film-Noir
242,Movie 242 (1998),Romance|Drama|Thriller|Western
243,Movie 243 (1980),Drama|Sci-Fi|Romance
244,Movie 244 (2006),Documentary
245,Movie 245 (2009),Animation|Documentary|Film-Noir|Action
246,Movie 246 (2001),Horror|Thriller|Children|Action
247,Movie 247 (1995),Action|Documentary
248,Movie 248 (1998),Children|Action|Thriller
249,Movie 249 (2016),Action|Comedy|Fantasy|Film-Noir
250,Movie 250 (1981),Adventure|Romance
251,Movie 251 (2009),Documentary|Children|Musical
252,Movie 252 (1996),Children|Musical|Horror|Film-Noir
253,Movie 253 (1989),Sci-Fi|Animation|War
254,Movie 254 (1980),Western|Fantasy|Crime|Sci-Fi
255,Movie 255 (2006),Horror
256,Movie 256 (2001),Animation|Sci-Fi|Drama
257,Movie 257 (1998),Adventure|Mystery
258,Movie 258 (1997),Action|Crime
259,Movie 259 (1984),Western|Horror|Sci-Fi
260,Movie 260 (1995),Action|Children|Documentary|Drama
261,Movie 261 (2000),Drama|Crime|Adventure
262,Movie 262 (2006),Animation|Sci-Fi|Comedy
263,Movie 263 (1983),Thriller
264,Movie 264 (1987),Thriller|Crime|Adventure|Animation
265,Movie 265 (1982),Children|Mystery|Horror
266,Movie 266 (1986),Fantasy|Children|Action|Animation
267,Movie 267 (2004),Romance|Drama
268,Movie 268 (2010),Comedy|Fantasy|Western
269,Movie 269 (2019),Drama
270,Movie 270 (2011),Adventure|Romance
271,Movie 271 (2021),Crime|Comedy|Musical
272,Movie 272 (1984),Comedy|Fantasy
273,Movie 273 (2022),Comedy|Action
274,Movie 274 (1983),Musical
275,Movie 275 (2009),Crime
276,Movie 276 (1983),Drama|Fantasy|Film-Noir|Musical
277,Movie 277 (2012),Drama
278,Movie 278 (2021),Musical|Drama
279,Movie 279 (2002),War|Children|Documentary
280,Movie 280 (2019),Crime
281,Movie 281 (1993),Sci-Fi|Mystery|Horror
282,Movie 282 (2023),Documentary|Western|Drama|Sci-Fi
283,Movie 283 (2023),Romance|Documentary
284,Movie 284 (1997),Mystery|Sci-Fi|Adventure|Action
285,Movie 285 (1993),Musical|Adventure
286,Movie 286 (2010),Film-Noir|Sci-Fi|War|Action
287,Movie 287 (1990),Musical|Action|Mystery|Romance
288,Movie 288 (2006),Sci-Fi
289,Movie 289 (2002),Documentary|Children
290,Movie 290 (1989),Sci-Fi|Western|Horror
291,Movie 291 (2016),Adventure
292,Movie 292 (2012),Musical|Animation
293,Movie 293 (1991),Comedy
294,Movie 294 (2016),Comedy
295,Movie 295 (2016),Documentary|Adventure|Thriller|Musical
296,Movie 296 (1997),Documentary|Children|Drama|Romance
297,Movie 297 (2011),Film-Noir|Thriller
298,Movie 298 (2005),Crime
299,Movie 299 (2017),Mystery
300,Movie 300 (2018),Romance|Sci-Fi
301,Movie 301 (1994),Documentary|Adventure
302,Movie 302 (2022),Musical|Romance|Children|Thriller
303,Movie 303 (1993),Romance|Sci-Fi|Western|War
304,Movie 304 (2022),Sci-Fi|Adventure|Musical
305,Movie 305 (2025),Romance|Documentary
306,Movie 306 (1988),Documentary|Comedy
307,Movie 307 (2024),Fantasy
308,Movie 308 (2020),Action|War
309,Movie 309 (1984),Crime|War
310,Movie 310 (1982),Action|Western
311,Movie 311 (1985),Musical|Sci-Fi
312,Movie 312 (2010),Film-Noir|Adventure
313,Movie 313 (1985),Mystery|Action|War
314,Movie 314 (2015),Animation|Crime|Documentary
315,Movie 315 (2016),Western|Crime|Mystery
316,Movie 316 (1981),Musical|Romance
317,Movie 317 (1982),Documentary|Musical|Film-Noir
318,Movie 318 (2009),Horror|Animation
319,Movie 319 (1996),Film-Noir|Romance|Thriller
320,Movie 320 (2010),Sci-Fi|Romance
321,Movie 321 (2019),Adventure
322,Movie 322 (2018),Musical|Sci-Fi
323,Movie 323 (1988),Drama|Animation|Horror
324,Movie 324 (2025),Film-Noir
325,Movie 325 (1983),Documentary|Musical|Thriller|Sci-Fi
326,Movie 326 (1990),Romance|Western|Adventure
327,Movie 327 (2010),Fantasy|Drama|Thriller
328,Movie 328 (2015),Drama|Animation
329,Movie 329 (2011),Musical|Western|Film-Noir|Romance
330,Movie 330 (2017),Adventure|Film-Noir|Animation
331,Movie 331 (2018),Animation|Comedy|Adventure
332,Movie 332 (2016),Musical|Sci-Fi
333,Movie 333 (2000),Horror
334,Movie 334 (1997),Thriller|Animation|Comedy|Musical
335,Movie 335 (2004),Fantasy
336,Movie 336 (2023),Drama|War|Children
337,Movie 337 (2024),Musical|Western|Fantasy|Action
338,Movie 338 (2020),Romance|Action|Western|Children
339,Movie 339 (2011),Musical
340,Movie 340 (2020),Western|Fantasy|Children
341,Movie 341 (2020),Fantasy|Crime|Western|War
342,Movie 342 (2019),Animation|Musical|War
343,Movie 343 (2024),Western|Musical|Sci-Fi|Drama
344,Movie 344 (2004),Crime
345,Movie 345 (2020),Romance
346,Movie 346 (1992),Mystery
347,Movie 347 (2024),Sci-Fi|Western|Action
348,Movie 348 (2022),Musical|Sci-Fi|Film-Noir
349,Movie 349 (1994),Children
350,Movie 350 (2014),Film-Noir|Adventure|Drama
351,Movie 351 (1999),Crime
352,Movie 352 (2014),Documentary
353,Movie 353 (1998),Documentary
354,Movie 354 (1994),Thriller|Fantasy|Documentary
355,Movie 355 (1998),Thriller|Horror|Children|War
356,Movie 356 (1983),Western|War|Crime|Horror
357,Movie 357 (2025),Crime
358,Movie 358 (2000),Musical
359,Movie 359 (1983),Fantasy
360,Movie 360 (1993),Drama|Musical|Film-Noir|Horror
361,Movie 361 (2000),Western|Thriller|Horror
362,Movie 362 (2007),Sci-Fi|Children|Thriller|Horror
363,Movie 363 (2018),Thriller|Drama|Animation|Musical
364,Movie 364 (1998),Romance|Crime|Thriller
365,Movie 365 (2012),Horror|Film-Noir
366,Movie 366 (1990),Thriller|Crime|Horror
367,Movie 367 (1981),Western|Adventure
368,Movie 368 (2016),Documentary
369,Movie 369 (2012),Musical|Children|Animation|Fantasy
370,Movie 370 (2023),Fantasy
371,Movie 371 (2024),Sci-Fi|Action|Comedy|Fantasy
372,Movie 372 (2020),Romance|Western|Thriller|Animation
373,Movie 373 (1984),Animation|Adventure
374,Movie 374 (1988),Animation
375,Movie 375 (2002),Crime|Children
376,Movie 376 (1990),Mystery|Horror
377,Movie 377 (2013),Film-Noir|Crime|Fantasy|Drama
378,Movie 378 (2005),Film-Noir|Adventure
379,Movie 379 (2022),Sci-Fi|Musical|Adventure|Horror
380,Movie 380 (1999),Documentary|Crime|Action|Fantasy
381,Movie 381 (1986),Comedy
382,Movie 382 (1997),Romance|Musical|Horror|Documentary
383,Movie 383 (2001),Action|Romance
384,Movie 384 (2010),War|Romance|Horror|Action
385,Movie 385 (2013),Film-Noir|Romance|Crime|Drama
386,Movie 386 (1992),Horror|Musical|Adventure
387,Movie 387 (2022),Comedy|Sci-Fi|Romance|Action
388,Movie 388 (2012),Romance
389,Movie 389 (2024),Western|Fantasy
390,Movie 390 (1989),Children|Comedy|Animation|Musical
391,Movie 391 (2011),Crime
392,Movie 392 (1985),Thriller|Children|Mystery|Sci-Fi
393,Movie 393 (1995),Animation|Musical
394,Movie 394 (2016),Horror
395,Movie 395 (2021),Fantasy|Thriller|Children
396,Movie 396 (2003),Adventure|War
397,Movie 397 (2010),Romance|Crime|Sci-Fi|Film-Noir
398,Movie 398 (2020),Children
399,Movie 399 (2013),Adventure|Romance|Mystery|Thriller
400,Movie 400 (1981),Crime|Children
401,Movie 401 (1985),Thriller
402,Movie 402 (2005),Fantasy|Mystery|Crime|Animation
403,Movie 403 (1989),Sci-Fi|War|Children|Animation
404,Movie 404 (1987),Adventure|War|Comedy|Drama
405,Movie 405 (2010),Western|Action|Drama|Sci-Fi
406,Movie 406 (1995),Animation
407,Movie 407 (2016),Documentary
408,Movie 408 (1991),Action
409,Movie 409 (2010),Thriller|Animation|Crime|Romance
410,Movie 410 (1984),Thriller|Documentary|Adventure|Children
411,Movie 411 (2013),Mystery|Horror
412,Movie 412 (1980),Mystery|Thriller|Horror
413,Movie 413 (2022),Fantasy|Animation
414,Movie 414 (2003),Comedy|Romance|Drama|Horror
415,Movie 415 (1989),Documentary|Horror|Children
416,Movie 416 (2014),Sci-Fi|Thriller|Musical|Adventure
417,Movie 417 (2005),Musical|Western|Crime|Animation
418,Movie 418 (1980),Adventure|Western
419,Movie 419 (2005),Western
420,Movie 420 (1982),Romance|Sci-Fi|Thriller|Fantasy
421,Movie 421 (1995),Mystery|War
422,Movie 422 (1989),Mystery|Documentary|War|Animation
423,Movie 423 (2003),Western|Film-Noir|Children
424,Movie 424 (2012),Film-Noir|Thriller|War
425,Movie 425 (1986),Horror|Fantasy
426,Movie 426 (2017),Thriller
427,Movie 427 (2018),Mystery|Film-Noir|Sci-Fi
428,Movie 428 (2013),Documentary|Crime|Mystery|Drama
429,Movie 429 (1999),Film-Noir
430,Movie 430 (2018),Documentary|Fantasy|Musical
431,Movie 431 (2005),Musical
432,Movie 432 (1997),Western|Thriller
433,Movie 433 (1993),Film-Noir
434,Movie 434 (2012),War
435,Movie 435 (1986),Comedy|Musical
436,Movie 436 (2025),Drama
437,Movie 437 (2015),Horror|Thriller|War|Fantasy
438,Movie 438 (1987),War|Sci-Fi|Mystery|Crime
439,Movie 439 (2021),Action|Children|Horror|Sci-Fi
440,Movie 440 (2020),Adventure|Comedy|Film-Noir|Horror
441,Movie 441 (2014),Film-Noir|Western|Thriller
442,Movie 442 (1989),Drama
443,Movie 443 (2014),Children
444,Movie 444 (2014),Action|Comedy
445,Movie 445 (1987),Documentary|Children|War|Romance
446,Movie 446 (2015),Animation
447,Movie 447 (1992),Animation|Sci-Fi|Adventure|Children
448,Movie 448 (1991),Crime
449,Movie 449 (1987),Adventure
450,Movie 450 (2020),Adventure|Sci-Fi
451,Movie 451 (1997),Drama|Action|Musical
452,Movie 452 (1984),Horror|Fantasy|Drama
453,Movie 453 (2022),Western|Sci-Fi|Musical|Romance
454,Movie 454 (2010),Animation
455,Movie 455 (2001),Comedy
456,Movie 456 (2011),Fantasy|Children|Action|Musical
457,Movie 457 (2002),Horror|Western|Crime
458,Movie 458 (2017),Adventure|War|Documentary
459,Movie 459 (1999),Mystery|Romance
460,Movie 460 (2018),Comedy|Animation|Sci-Fi
461,Movie 461 (2002),Fantasy|Western|Drama|Documentary
462,Movie 462 (2019),Romance
463,Movie 463 (2004),Fantasy|Romance|Musical
464,Movie 464 (1989),Horror|Romance|Film-Noir|Animation
465,Movie 465 (2023),War|Film-Noir|Western|Documentary
466,Movie 466 (1999),Musical
467,Movie 467 (2002),Animation|Comedy|Film-Noir|Adventure
468,Movie 468 (1987),Thriller|Sci-Fi|Comedy|Horror
469,Movie 469 (1987),Crime|Film-Noir
470,Movie 470 (2012),Film-Noir|Horror
471,Movie 471 (1995),Drama
472,Movie 472 (1983),Horror|Adventure
473,Movie 473 (2007),Romance|Documentary|Thriller
474,Movie 474 (1989),Documentary|Crime|Horror|Mystery
475,Movie 475 (2012),Fantasy
476,Movie 476 (2002),Romance
477,Movie 477 (1996),Fantasy|War
478,Movie 478 (1993),Sci-Fi|Crime
479,Movie 479 (1987),Mystery|War
480,Movie 480 (1992),Drama|Animation|Mystery|Action
481,Movie 481 (1981),Animation|Children|Mystery
482,Movie 482 (2020),Film-Noir|Drama
483,Movie 483 (1985),Crime|Thriller|Animation
484,Movie 484 (1983),Animation|Children|Sci-Fi|Mystery
485,Movie 485 (2021),Drama
486,Movie 486 (2013),Children
487,Movie 487 (1982),Musical
488,Movie 488 (2016),Animation|Action
489,Movie 489 (1999),Sci-Fi|Horror|Drama
490,Movie 490 (2002),War|Horror
491,Movie 491 (1980),Animation|Sci-Fi|Fantasy
492,Movie 492 (2014),Animation|Drama|Western|Musical
493,Movie 493 (2015),Thriller|Fantasy|Children
494,Movie 494 (2012),Musical
495,Movie 495 (2000),Action|Musical
496,Movie 496 (2007),Western|Documentary|Musical
497,Movie 497 (2004),Children|Western|Adventure
498,Movie 498 (1995),Documentary
499,Movie 499 (1995),Musical|War|Mystery|Documentary
500,Movie 500 (1984),Action|Crime|War
501,Movie 501 (1989),Animation|Musical|Romance|Thriller
502,Movie 502 (2013),Adventure|Sci-Fi|Crime|Horror
503,Movie 503 (2020),Fantasy|War|Documentary
504,Movie 504 (2011),Musical|Documentary
505,Movie 505 (2003),Comedy|Adventure
506,Movie 506 (1989),Comedy|Crime|Mystery|Children
507,Movie 507 (1988),Children|Action|Mystery
508,Movie 508 (2022),Children|Crime|Sci-Fi|Fantasy
509,Movie 509 (2024),Adventure|Film-Noir|Sci-Fi
510,Movie 510 (1994),Sci-Fi
511,Movie 511 (2001),Drama|Thriller|Horror|Musical
512,Movie 512 (2007),Documentary
513,Movie 513 (2001),Romance|Western|Musical
514,Movie 514 (1990),War|Fantasy|Horror
515,Movie 515 (1988),Musical|Film-Noir|Drama
516,Movie 516 (2020),Fantasy|Thriller|Documentary
517,Movie 517 (2015),Mystery
518,Movie 518 (1987),Western|Drama|Action|Musical
519,Movie 519 (1995),Film-Noir
520,Movie 520 (1994),Animation|Thriller|Sci-Fi|Action
521,Movie 521 (1981),Sci-Fi
522,Movie 522 (1982),Documentary|Drama|Children|Sci-Fi
523,Movie 523 (1995),Animation|Documentary|Crime
524,Movie 524 (2003),War
525,Movie 525 (1996),Adventure|Romance
526,Movie 526 (2020),Children
527,Movie 527 (2023),Action|Adventure|Thriller
528,Movie 528 (2018),Comedy|Sci-Fi
529,Movie 529 (1992),Crime|Western|Animation|Horror
530,Movie 530 (1985),Comedy
531,Movie 531 (2009),Fantasy|Western
532,Movie 532 (1996),War|Mystery|Comedy
533,Movie 533 (2003),Comedy|Fantasy|Horror|Animation
534,Movie 534 (2002),Romance|Thriller
535,Movie 535 (1990),Comedy|Sci-Fi
536,Movie 536 (2015),Animation|Horror|Comedy|Mystery
537,Movie 537 (1998),Romance|Action|Adventure
538,Movie 538 (2008),Adventure|Crime
539,Movie 539 (1991),Adventure|Romance|Drama|Crime
540,Movie 540 (2012),Animation
541,Movie 541 (1984),Thriller|Horror
542,Movie 542 (2019),Children|Horror|Musical|Fantasy
543,Movie 543 (1994),Animation
544,Movie 544 (1998),Mystery
545,Movie 545 (2007),Thriller|Romance
546,Movie 546 (2006),Sci-Fi|Adventure|Film-Noir|Children
547,Movie 547 (2007),Drama|War|Fantasy|Horror
548,Movie 548 (2004),Mystery|Thriller
549,Movie 549 (2022),Drama|Thriller|Comedy
550,Movie 550 (2024),Romance
551,Movie 551 (2008),Musical
552,Movie 552 (2003),Animation|Western|Film-Noir
553,Movie 553 (2011),Horror|Musical|Adventure
554,Movie 554 (1999),Adventure|Thriller|Action|Western
555,Movie 555 (1987),Adventure|Children
556,Movie 556 (1988),Comedy|Animation|Romance
557,Movie 557 (2002),Action|Thriller
558,Movie 558 (1997),Crime|Animation
559,Movie 559 (2016),Fantasy
560,Movie 560 (2002),Musical|Action|Crime|Drama
561,Movie 561 (2024),Comedy|Film-Noir|Sci-Fi
562,Movie 562 (2017),Musical|Sci-Fi|Crime|Animation
563,Movie 563 (2023),Mystery|Adventure|Documentary
564,Movie 564 (2013),Horror|Animation|Film-Noir|Thriller
565,Movie 565 (2006),Action
566,Movie 566 (1991),Thriller|Animation
567,Movie 567 (2000),Adventure|Western|Mystery|Fantasy
568,Movie 568 (1999),Fantasy|Western|Mystery
569,Movie 569 (2009),Musical|Crime|Adventure|Comedy
570,Movie 570 (2000),Fantasy|Children
571,Movie 571 (2012),Musical
572,Movie 572 (1990),Adventure|Animation
573,Movie 573 (2002),Sci-Fi|Romance|Mystery|Thriller
574,Movie 574 (2024),War|Crime|Thriller
575,Movie 575 (1987),Film-Noir
576,Movie 576 (2016),Comedy|Horror
577,Movie 577 (2000),Film-Noir|Drama
578,Movie 578 (2017),Western|Crime|Romance|Sci-Fi
579,Movie 579 (2012),Comedy|Fantasy|Horror
580,Movie 580 (1981),Sci-Fi|Mystery|Animation|Adventure
581,Movie 581 (2008),Western|War|Crime|Musical
582,Movie 582 (2001),War
583,Movie 583 (2005),Thriller|Documentary|Fantasy
584,Movie 584 (2011),Thriller|Mystery|Adventure
585,Movie 585 (2020),Action|Fantasy|Comedy
586,Movie 586 (1986),Fantasy|Comedy|Children
587,Movie 587 (2011),Animation
588,Movie 588 (1999),Animation|Children
589,Movie 589 (2007),Fantasy|Mystery|Adventure|Horror
590,Movie 590 (2010),Romance|Film-Noir
591,Movie 591 (2014),Sci-Fi
592,Movie 592 (2016),Sci-Fi|Fantasy|Film-Noir|Western
593,Movie 593 (1990),Film-Noir|Sci-Fi
594,Movie 594 (2005),Sci-Fi|War
595,Movie 595 (2008),Romance|War
596,Movie 596 (2005),Documentary|Children|Animation|Adventure
597,Movie 597 (1997),Romance|Film-Noir|Action
598,Movie 598 (2018),Crime
599,Movie 599 (2000),War|Fantasy|Mystery
600,Movie 600 (1984),Drama|Comedy|Children|Musical
601,Movie 601 (1999),Fantasy|War
602,Movie 602 (1991),Fantasy
603,Movie 603 (2013),Sci-Fi|Comedy|Thriller|Western
604,Movie 604 (1996),Sci-Fi
605,Movie 605 (2005),Children|Mystery
606,Movie 606 (1998),War
607,Movie 607 (1988),Action
608,Movie 608 (2013),Thriller|Musical|Horror|Animation
609,Movie 609 (1981),Drama|Children|Documentary
610,Movie 610 (2013),Horror|Adventure|Western|Thriller
611,Movie 611 (2015),Romance|Thriller|Sci-Fi|War
612,Movie 612 (1994),Drama
613,Movie 613 (2010),Thriller|Documentary|Sci-Fi|Comedy
614,Movie 614 (2008),Western|War|Documentary|Thriller
615,Movie 615 (2003),Horror|Children|Animation
616,Movie 616 (2000),Western|Mystery|Documentary|Crime
617,Movie 617 (2008),Children|Horror|Documentary|Crime
618,Movie 618 (2010),Children
619,Movie 619 (2015),Action|Adventure|Sci-Fi|Crime
620,Movie 620 (2009),Fantasy
621,Movie 621 (1989),Adventure|Film-Noir
622,Movie 622 (2001),Crime|Animation
623,Movie 623 (2022),Horror|Musical|Adventure|Children
624,Movie 624 (1990),Adventure|Action|Crime|Thriller
625,Movie 625 (2004),Animation|Drama|Documentary
626,Movie 626 (1992),Sci-Fi|Adventure|Western|Mystery
627,Movie 627 (2008),Mystery|Musical|Fantasy
628,Movie 628 (2012),Fantasy|Documentary|Romance
629,Movie 629 (2008),Mystery|Film-Noir
630,Movie 630 (1981),Fantasy
631,Movie 631 (2010),Drama|Comedy|Mystery|Adventure
632,Movie 632 (1988),Musical|Thriller
633,Movie 633 (1997),Children|Action|Comedy
634,Movie 634 (1988),Musical|Action
635,Movie 635 (1989),Film-Noir|Mystery|Musical
636,Movie 636 (1994),Adventure
637,Movie 637 (2004),Documentary|Thriller|Drama
638,Movie 638 (1995),Comedy|Film-Noir
639,Movie 639 (2019),Mystery|War|Animation|Horror
640,Movie 640 (1986),Crime|Action|Romance|Animation
641,Movie 641 (2006),Adventure|Musical|War
642,Movie 642 (1980),Adventure|War|Western|Mystery
643,Movie 643 (2018),Action|Comedy|Crime|War
644,Movie 644 (2025),Sci-Fi|Crime|Western|Film-Noir
645,Movie 645 (1995),Children|Fantasy|Animation|Musical
646,Movie 646 (2003),Children|Action
647,Movie 647 (1998),Crime
648,Movie 648 (1980),Horror|War|Action
649,Movie 649 (1981),Action
650,Movie 650 (2016),Horror
651,Movie 651 (1980),Children|Horror
652,Movie 652 (2008),Comedy|Fantasy|Musical|Crime
653,Movie 653 (1991),Comedy|Crime|Thriller|Animation
654,Movie 654 (2024),Animation|Action|Musical|Mystery
655,Movie 655 (1994),Comedy|War|Musical|Horror
656,Movie 656 (2009),Film-Noir|Musical
657,Movie 657 (2004),Romance
658,Movie 658 (2019),Thriller|Action|Sci-Fi
659,Movie 659 (2020),Adventure|Crime|Children|Fantasy
660,Movie 660 (2002),Children|Fantasy|War
661,Movie 661 (1995),Thriller|Comedy|Horror|Action
662,Movie 662 (2010),Film-Noir|Children|Thriller
663,Movie 663 (2010),Thriller|Romance|Fantasy
664,Movie 664 (1987),Thriller
665,Movie 665 (2011),Animation|Fantasy|Horror|Drama
666,Movie 666 (2003),Sci-Fi|War|Animation|Mystery
667,Movie 667 (2000),Sci-Fi|Romance|Action
668,Movie 668 (1993),Horror|Adventure|Western
669,Movie 669 (2010),Thriller
670,Movie 670 (1992),Action|Adventure
671,Movie 671 (1986),Adventure
672,Movie 672 (1992),War|Drama|Sci-Fi|Action
673,Movie 673 (1998),Fantasy
674,Movie 674 (1981),Documentary|Comedy|Sci-Fi|Children
675,Movie 675 (1990),Action|Western
676,Movie 676 (2023),Crime
677,Movie 677 (2003),Crime
678,Movie 678 (2018),Comedy|Drama|Animation|Crime
679,Movie 679 (1994),Sci-Fi
680,Movie 680 (1982),Romance|Mystery|Film-Noir
681,Movie 681 (1995),Comedy|Action
682,Movie 682 (1990),Fantasy
683,Movie 683 (2017),Horror|Crime|Adventure
684,Movie 684 (1986),Horror|War|Children|Animation
685,Movie 685 (2002),Drama|Western
686,Movie 686 (2017),Western|Romance|Horror|Fantasy
687,Movie 687 (1992),Comedy|Western|Horror|Children
688,Movie 688 (1999),Animation
689,Movie 689 (2009),Adventure|Western
690,Movie 690 (1996),Sci-Fi
691,Movie 691 (1989),Documentary
692,Movie 692 (1982),Children
693,Movie 693 (1994),Children
694,Movie 694 (1999),Western|Animation|Thriller
695,Movie 695 (1990),Children|Film-Noir
696,Movie 696 (1984),Thriller|Comedy|Horror|Crime
697,Movie 697 (2009),Romance|Adventure|Fantasy
698,Movie 698 (2013),Western|Crime|Horror
699,Movie 699 (1981),Romance|Drama
700,Movie 700 (2019),Animation|Fantasy
701,Movie 701 (2002),Fantasy|Documentary|Western
702,Movie 702 (2013),Children|War|Fantasy
703,Movie 703 (2015),Fantasy
704,Movie 704 (1990),Musical|Romance|Children|War
705,Movie 705 (1995),Children|Horror|Comedy|Musical
706,Movie 706 (1981),Action|Documentary
707,Movie 707 (1991),Documentary
708,Movie 708 (1995),Sci-Fi|Crime
709,Movie 709 (2001),Western|Animation|Drama|War
710,Movie 710 (1996),Western|Action
711,Movie 711 (2008),Sci-Fi|Drama|Fantasy
712,Movie 712 (2003),Drama|Animation|Horror|War
713,Movie 713 (2010),Fantasy|Drama|Adventure
714,Movie 714 (1981),Comedy
715,Movie 715 (2005),Horror|Thriller|Drama
716,Movie 716 (2014),Horror|Drama
717,Movie 717 (2019),Fantasy|Adventure
718,Movie 718 (2011),Fantasy
719,Movie 719 (1980),Comedy|Action|Fantasy|Mystery
720,Movie 720 (1998),Thriller|Animation|Comedy|Horror
721,Movie 721 (2007),Animation
722,Movie 722 (2006),Animation|Western|Drama|War
723,Movie 723 (1984),Crime
724,Movie 724 (2012),Thriller|Musical
725,Movie 725 (1982),Sci-Fi|Animation|Musical|Horror
726,Movie 726 (2019),Thriller|Drama|Documentary|Crime
727,Movie 727 (1991),Sci-Fi|Mystery|Adventure|Drama
728,Movie 728 (2012),Animation|Thriller|Documentary|Crime
729,Movie 729 (1984),Documentary|Crime
730,Movie 730 (2006),Romance
731,Movie 731 (1982),Romance|Sci-Fi
732,Movie 732 (2014),Action
733,Movie 733 (1986),Animation
734,Movie 734 (2004),Thriller|Fantasy
735,Movie 735 (1981),Crime|Action|Romance|Sci-Fi
736,Movie 736 (2010),Horror|Adventure|Drama|Documentary
737,Movie 737 (2015),Children|Documentary|Fantasy|Animation
738,Movie 738 (1998),Mystery|Film-Noir
739,Movie 739 (1998),Western|Action|Animation|Film-Noir
740,Movie 740 (2007),Horror|Mystery|Drama
741,Movie 741 (2010),Sci-Fi|Drama|Horror
742,Movie 742 (1988),Romance
743,Movie 743 (2013),Action|Children|Documentary
744,Movie 744 (2023),Fantasy|Romance|Musical|Horror
745,Movie 745 (2013),Horror|Drama|Musical
746,Movie 746 (1983),Animation|Children
747,Movie 747 (2014),Children|Thriller|Fantasy
748,Movie 748 (1990),Action|Comedy|Fantasy
749,Movie 749 (1980),Thriller|Horror|Romance
750,Movie 750 (2020),Sci-Fi|Drama|Thriller|Children
751,Movie 751 (1998),Crime|Fantasy|Musical
752,Movie 752 (2007),Sci-Fi|Western
753,Movie 753 (1989),Musical|Horror|Fantasy
754,Movie 754 (1990),Sci-Fi|Romance|War
755,Movie 755 (1998),Action|Children
756,Movie 756 (2014),Animation|Western
757,Movie 757 (2014),Comedy|Drama|Western|Musical
758,Movie 758 (1983),Romance
759,Movie 759 (2022),War|Children|Fantasy
760,Movie 760 (1986),Drama|Sci-Fi|Crime|War
761,Movie 761 (1981),Drama|Documentary
762,Movie 762 (2007),Adventure|Drama
763,Movie 763 (2009),Romance|Children
764,Movie 764 (1986),Action|Sci-Fi|Animation
765,Movie 765 (1982),Western
766,Movie 766 (1983),Sci-Fi
767,Movie 767 (2023),Film-Noir|War|Adventure
768,Movie 768 (2001),Sci-Fi|Thriller
769,Movie 769 (1997),Western|Animation|Crime
770,Movie 770 (1996),Mystery|Romance
771,Movie 771 (1987),Sci-Fi|Comedy|Musical
772,Movie 772 (2006),Mystery|Crime|Sci-Fi|Musical
773,Movie 773 (2019),Crime|Documentary
774,Movie 774 (1987),Musical
775,Movie 775 (2003),Thriller|Horror|Children|Action
776,Movie 776 (2001),Film-Noir|War|Horror|Crime
777,Movie 777 (1991),Documentary|Animation|Film-Noir|Crime
778,Movie 778 (2020),Action|Romance|Musical|Fantasy
779,Movie 779 (1983),Animation|Thriller|Comedy|War
780,Movie 780 (2007),War
781,Movie 781 (2003),Animation|Musical
782,Movie 782 (2002),Crime
783,Movie 783 (2024),Musical|Adventure|Documentary|Horror
784,Movie 784 (1981),Animation|Sci-Fi|Fantasy
785,Movie 785 (2020),Romance|Documentary|Mystery
786,Movie 786 (2004),Crime
787,Movie 787 (2001),Animation
788,Movie 788 (2005),Action|Western|Comedy
789,Movie 789 (2025),Adventure|Crime|Mystery|Thriller
790,Movie 790 (2021),Musical|Fantasy|Children|Thriller
791,Movie 791 (2013),Sci-Fi|Fantasy
792,Movie 792 (2012),Mystery
793,Movie 793 (1995),Children|Action
794,Movie 794 (2001),Horror|Action|Western
795,Movie 795 (2004),Mystery
796,Movie 796 (1980),Children|Thriller|Action|Mystery
797,Movie 797 (2014),Musical|Action
798,Movie 798 (1995),Crime|Musical
799,Movie 799 (2004),Sci-Fi|Drama|Film-Noir|Horror
800,Movie 800 (1984),Action|Mystery
801,Movie 801 (2009),Action|Fantasy|Musical|War
802,Movie 802 (2000),Drama|Musical|Thriller|Adventure
803,Movie 803 (2016),Fantasy|Comedy
804,Movie 804 (2006),Western|Documentary
805,Movie 805 (1988),War|Musical
806,Movie 806 (1992),Horror|Documentary|Fantasy|Action
807,Movie 807 (1980),Horror|Film-Noir|Drama|Sci-Fi
808,Movie 808 (2018),Musical
809,Movie 809 (2025),Musical|Sci-Fi|Thriller|Adventure
810,Movie 810 (1980),Sci-Fi|Romance|Documentary|War
811,Movie 811 (2011),Sci-Fi|Horror
812,Movie 812 (1988),Horror|Animation|Drama
813,Movie 813 (1987),Documentary|Mystery
814,Movie 814 (1986),Drama|Mystery
815,Movie 815 (1987),Action
816,Movie 816 (1988),Mystery|Sci-Fi|Comedy|Horror
817,Movie 817 (1986),War|Thriller|Romance|Western
818,Movie 818 (2016),Action|Film-Noir|Horror|Animation
819,Movie 819 (1999),Thriller|Crime|Sci-Fi
820,Movie 820 (2008),Mystery|Action
821,Movie 821 (2021),Sci-Fi|Animation|Film-Noir|Children
822,Movie 822 (2019),Thriller|Mystery|War
823,Movie 823 (2004),Documentary|Children
824,Movie 824 (2015),Sci-Fi
825,Movie 825 (1998),Horror|Fantasy
826,Movie 826 (2018),Western|War|Drama
827,Movie 827 (2001),Horror|Mystery|Animation|Sci-Fi
828,Movie 828 (2011),Documentary
829,Movie 829 (2012),Mystery|Fantasy|War
830,Movie 830 (1983),War
831,Movie 831 (1997),Romance|Adventure
832,Movie 832 (1997),Adventure|War|Thriller|Animation
833,Movie 833 (1989),Animation
834,Movie 834 (1986),Fantasy|Sci-Fi|Action|Documentary
835,Movie 835 (1998),Film-Noir|Animation
836,Movie 836 (2025),Romance
837,Movie 837 (2010),Western
838,Movie 838 (2010),Documentary|Film-Noir|Sci-Fi
839,Movie 839 (2008),Sci-Fi|Documentary
840,Movie 840 (2025),Animation|Drama
841,Movie 841 (2007),Fantasy
842,Movie 842 (2014),Western|Horror|Fantasy
843,Movie 843 (2020),Sci-Fi|Mystery|Thriller
844,Movie 844 (2022),Film-Noir
845,Movie 845 (1994),Film-Noir|Action
846,Movie 846 (1986),Mystery|Adventure|Comedy
847,Movie 847 (1982),Animation
848,Movie 848 (2000),Fantasy|War
849,Movie 849 (1998),War
850,Movie 850 (2009),Mystery|Musical|Romance|Sci-Fi
851,Movie 851 (2004),Documentary|Comedy|Thriller
852,Movie 852 (2001),Adventure|Thriller
853,Movie 853 (1995),Musical|Documentary|Adventure|Western
854,Movie 854 (2008),Documentary
855,Movie 855 (2021),Thriller
856,Movie 856 (1992),War|Film-Noir|Drama
857,Movie 857 (1996),Drama
858,Movie 858 (2021),Adventure
859,Movie 859 (2021),Comedy
860,Movie 860 (2014),Romance
861,Movie 861 (2018),Thriller
862,Movie 862 (2021),Children|Horror|Fantasy
863,Movie 863 (1980),Documentary|Adventure|Animation|Drama
864,Movie 864 (1983),Children
865,Movie 865 (2025),Musical|War
866,Movie 866 (2016),Crime|Horror|Adventure
867,Movie 867 (1981),Fantasy|Musical|Western|Documentary
868,Movie 868 (2025),Film-Noir|War|Action
869,Movie 869 (2020),Documentary|Sci-Fi|Animation
870,Movie 870 (2022),Action|Western|Horror
871,Movie 871 (2004),Thriller|Drama
872,Movie 872 (1995),Film-Noir
873,Movie 873 (2016),Thriller|Animation
874,Movie 874 (1986),Romance|Western
875,Movie 875 (1984),Comedy|Film-Noir|Horror|Thriller
876,Movie 876 (2021),Action|Sci-Fi
877,Movie 877 (2023),Western
878,Movie 878 (2001),War|Comedy|Drama
879,Movie 879 (1983),Romance|Crime|Comedy
880,Movie 880 (2025),Documentary|Crime|Drama|Thriller
881,Movie 881 (2018),Mystery
882,Movie 882 (1999),Drama|Action
883,Movie 883 (2009),Musical
884,Movie 884 (2016),Romance|Mystery|War|Comedy
885,Movie 885 (2021),Sci-Fi
886,Movie 886 (2019),Musical|Horror|Fantasy
887,Movie 887 (1985),Romance|Children|Thriller|Sci-Fi
888,Movie 888 (1981),Romance|Children|Comedy|Action
889,Movie 889 (2001),Animation|Crime
890,Movie 890 (2003),Comedy|Film-Noir|Romance|Children
891,Movie 891 (2025),Western|Adventure|Documentary|Fantasy
892,Movie 892 (2023),Animation
893,Movie 893 (1998),Adventure|Comedy|Mystery
894,Movie 894 (2015),Comedy
895,Movie 895 (2006),Comedy|Film-Noir
896,Movie 896 (1982),Drama|Romance|Film-Noir|Fantasy
897,Movie 897 (1995),Thriller
898,Movie 898 (2005),Musical
899,Movie 899 (1997),Romance|Action|Thriller
900,Movie 900 (1985),Documentary
901,Movie 901 (2021),Animation|Film-Noir|Sci-Fi|Romance
902,Movie 902 (1998),Documentary|Thriller
903,Movie 903 (1981),Crime|Musical|Documentary
904,Movie 904 (2003),Film-Noir|Drama|Crime|Comedy
905,Movie 905 (2018),Crime|Adventure
906,Movie 906 (1995),Fantasy
907,Movie 907 (2013),Horror
908,Movie 908 (2010),War|Adventure
909,Movie 909 (1991),Animation|War|Comedy|Western
910,Movie 910 (2009),Fantasy|Children|War
911,Movie 911 (2000),Mystery|Documentary|War|Western
912,Movie 912 (1996),Crime
913,Movie 913 (2007),Animation
914,Movie 914 (1982),Animation
915,Movie 915 (2002),Adventure|Comedy|Film-Noir|Romance
916,Movie 916 (1987),Comedy|Film-Noir
917,Movie 917 (2023),Sci-Fi
918,Movie 918 (1997),Romance
919,Movie 919 (2006),Documentary|Fantasy|Drama
920,Movie 920 (1987),Comedy|Sci-Fi|Adventure
921,Movie 921 (2005),Adventure|Musical|Western|Crime
922,Movie 922 (2004),Adventure|Action|War
923,Movie 923 (2010),Children|Thriller|Romance
924,Movie 924 (2004),Thriller|Adventure
925,Movie 925 (2025),Horror|Romance|Thriller
926,Movie 926 (1986),Animation|Drama|Comedy
927,Movie 927 (2020),Fantasy
928,Movie 928 (2001),Adventure|Musical
929,Movie 929 (2004),Horror|Sci-Fi
930,Movie 930 (1998),Drama
931,Movie 931 (1981),Musical
932,Movie 932 (1997),Musical|Documentary|Thriller
933,Movie 933 (2000),Western|Action|Romance|Musical
934,Movie 934 (1991),Adventure|Western|Drama|Romance
935,Movie 935 (2025),Musical|Adventure
936,Movie 936 (2016),Comedy|Crime|Western
937,Movie 937 (1985),Comedy|Children|Crime
938,Movie 938 (2005),Mystery|Western|Musical
939,Movie 939 (1980),Action
940,Movie 940 (2012),Children|Romance|Musical|Drama
941,Movie 941 (2010),Mystery|Comedy|Film-Noir
942,Movie 942 (2004),Children|Crime|Fantasy
943,Movie 943 (1986),Western|Documentary|Animation
944,Movie 944 (2016),Horror|War
945,Movie 945 (2007),Mystery|Action|Drama|Sci-Fi
946,Movie 946 (2025),Thriller
947,Movie 947 (1992),Animation|Thriller|Comedy|Sci-Fi
948,Movie 948 (2025),Action|Comedy
949,Movie 949 (2001),Film-Noir
950,Movie 950 (2024),Mystery
951,Movie 951 (2014),Film-Noir
952,Movie 952 (1983),Thriller|Musical|Crime|Comedy
953,Movie 953 (1984),Crime|Documentary|Horror|Comedy
954,Movie 954 (2018),Mystery|Drama
955,Movie 955 (1986),Action
956,Movie 956 (2020),Adventure|Romance
957,Movie 957 (2020),Animation|Action|Drama|Comedy
958,Movie 958 (1981),Film-Noir|Animation|Romance|Adventure
959,Movie 959 (2011),Sci-Fi|Drama|Animation|Romance
960,Movie 960 (1996),Documentary|War|Thriller|Adventure
961,Movie 961 (2017),Fantasy
962,Movie 962 (2011),Thriller|Crime|Animation|Musical
963,Movie 963 (2007),Sci-Fi|Documentary
964,Movie 964 (1998),Romance|Documentary
965,Movie 965 (1980),Western
966,Movie 966 (1990),Film-Noir|Action|Musical
967,Movie 967 (1992),Adventure|War|Drama|Horror
968,Movie 968 (1989),Fantasy
969,Movie 969 (1988),Western
970,Movie 970 (2023),Children|Western
971,Movie 971 (1998),Mystery|Film-Noir
972,Movie 972 (2022),Documentary|Mystery|Film-Noir
973,Movie 973 (1997),Animation|Adventure
974,Movie 974 (1995),War|Fantasy|Musical|Children
975,Movie 975 (1987),Western|Fantasy|Mystery
976,Movie 976 (2008),Drama
977,Movie 977 (1995),Thriller
978,Movie 978 (2001),Film-Noir|Sci-Fi
979,Movie 979 (2004),War|Sci-Fi
980,Movie 980 (2017),War
981,Movie 981 (2020),Horror|Action|Mystery
982,Movie 982 (1992),Film-Noir|Horror|Action
983,Movie 983 (1994),Drama|Action
984,Movie 984 (1980),Comedy
985,Movie 985 (2001),Adventure|Children|Romance|Musical
986,Movie 986 (2002),Sci-Fi
987,Movie 987 (2017),Horror|Mystery
988,Movie 988 (2013),Comedy|Children|Sci-Fi
989,Movie 989 (1983),Drama
990,Movie 990 (1984),Documentary|Mystery|Horror|Musical
991,Movie 991 (2000),Animation|Musical|Crime
992,Movie 992 (2008),Sci-Fi|Children|Action
993,Movie 993 (1998),Romance|Adventure|Sci-Fi
994,Movie 994 (2010),Action
995,Movie 995 (2023),Mystery|Children
996,Movie 996 (1991),Documentary
997,Movie 997 (1991),Musical|War|Comedy
998,Movie 998 (2003),Fantasy|Drama
999,Movie 999 (2009),Crime|Sci-Fi|Horror
1000,Movie 1000 (1992),Sci-Fi|Fantasy|War|Animation
1001,Movie 1001 (2005),Western|Romance|Musical|Action
1002,Movie 1002 (2024),Drama|Adventure
1003,Movie 1003 (1991),Musical|Documentary
1004,Movie 1004 (2002),Drama|Musical|Children
1005,Movie 1005 (1993),Animation|Documentary|Fantasy
1006,Movie 1006 (2020),Mystery|Film-Noir|Romance
1007,Movie 1007 (1985),Mystery|Horror
1008,Movie 1008 (1981),Animation|War|Horror
1009,Movie 1009 (2009),Musical
1010,Movie 1010 (2022),Mystery|Drama|Sci-Fi|Animation
1011,Movie 1011 (2007),Film-Noir|Western|Thriller|Horror
1012,Movie 1012 (1982),Animation
1013,Movie 1013 (2017),Mystery|Drama|Fantasy
1014,Movie 1014 (1992),Thriller|Horror|Western
1015,Movie 1015 (2022),Horror|Drama|Crime
1016,Movie 1016 (1985),Horror|Fantasy|Thriller|Adventure
1017,Movie 1017 (2022),Musical|Animation|Children
1018,Movie 1018 (2007),Crime|Romance|Children
1019,Movie 1019 (2020),Drama
1020,Movie 1020 (1993),Thriller|Musical
1021,Movie 1021 (1997),Film-Noir
1022,Movie 1022 (2022),Crime|Fantasy|Mystery|Action
1023,Movie 1023 (2006),Musical
1024,Movie 1024 (1996),Sci-Fi|Romance|Western
1025,Movie 1025 (1998),Animation|Action
1026,Movie 1026 (2010),Adventure|Animation|Western|War
1027,Movie 1027 (2016),War|Mystery|Romance
1028,Movie 1028 (2025),Children|Comedy
1029,Movie 1029 (1985),Film-Noir|Western
1030,Movie 1030 (1985),Thriller
1031,Movie 1031 (2021),Adventure|Documentary|Western
1032,Movie 1032 (1990),Action|Children|Sci-Fi|Animation
1033,Movie 1033 (2000),Crime|Action
1034,Movie 1034 (1990),Documentary
1035,Movie 1035 (1986),Western
1036,Movie 1036 (2013),Mystery|Horror|Musical|Western
1037,Movie 1037 (1986),Fantasy|Horror|Comedy|Thriller
1038,Movie 1038 (2014),Film-Noir|Documentary|Crime
1039,Movie 1039 (2005),Film-Noir|Children
1040,Movie 1040 (2017),Crime|War|Comedy
1041,Movie 1041 (2023),Western|Thriller|Fantasy|Drama
1042,Movie 1042 (1985),Western|Children|Musical|Romance
1043,Movie 1043 (1997),War|Mystery|Comedy|Crime
1044,Movie 1044 (1990),Sci-Fi|Film-Noir
1045,Movie 1045 (2006),Documentary|Drama
1046,Movie 1046 (2018),Drama|Adventure|Children|Romance
1047,Movie 1047 (1990),Romance|Crime|Adventure|Western
1048,Movie 1048 (2013),Musical
1049,Movie 1049 (1992),Musical|Horror
1050,Movie 1050 (2024),Thriller|Fantasy|Sci-Fi
1051,Movie 1051 (1999),Romance|Horror
1052,Movie 1052 (2020),Musical
1053,Movie 1053 (1982),Animation|Adventure|Drama|Romance
1054,Movie 1054 (1998),Adventure|Sci-Fi|Horror
1055,Movie 1055 (2025),Western|Comedy|Crime
1056,Movie 1056 (1984),Romance|Children|Action|Thriller
1057,Movie 1057 (1988),Mystery|Film-Noir|Fantasy|Thriller
1058,Movie 1058 (1989),Musical
1059,Movie 1059 (2001),Thriller
1060,Movie 1060 (2000),Drama|Musical|Mystery|Adventure
1061,Movie 1061 (1982),Fantasy|Adventure|Crime
1062,Movie 1062 (2009),Crime
1063,Movie 1063 (1999),Musical
1064,Movie 1064 (1997),Adventure
1065,Movie 1065 (2015),Romance|Western
1066,Movie 1066 (2021),Animation|Musical
1067,Movie 1067 (2000),Romance
1068,Movie 1068 (1983),Western|Children|Action|Adventure
1069,Movie 1069 (2020),Mystery
1070,Movie 1070 (2001),Animation
1071,Movie 1071 (2003),Mystery|Crime|Musical|Romance
1072,Movie 1072 (2017),Mystery|War
1073,Movie 1073 (2019),Fantasy|Action|Comedy
1074,Movie 1074 (1988),Mystery
1075,Movie 1075 (1993),Drama|Romance|Adventure|Fantasy
1076,Movie 1076 (2008),Animation
1077,Movie 1077 (2023),Comedy|Musical|Children|Film-Noir
1078,Movie 1078 (2013),Romance
1079,Movie 1079 (2011),Animation|Horror|Western
1080,Movie 1080 (2024),Children
1081,Movie 1081 (1998),Horror|Documentary|Comedy|Western
1082,Movie 1082 (2006),Western|Musical|Mystery
1083,Movie 1083 (2005),Film-Noir|Sci-Fi|Adventure
1084,Movie 1084 (1994),Adventure
1085,Movie 1085 (1996),Mystery|Western|Romance|Sci-Fi
1086,Movie 1086 (2007),Crime
1087,Movie 1087 (2020),War
1088,Movie 1088 (1987),Horror|Film-Noir
1089,Movie 1089 (1985),Horror|Film-Noir|Drama
1090,Movie 1090 (2011),Western
1091,Movie 1091 (2002),Children|Thriller|Musical|Comedy
1092,Movie 1092 (1994),Film-Noir|Animation|Thriller|Documentary
1093,Movie 1093 (2019),Documentary|Adventure|Western
1094,Movie 1094 (2007),Western|Sci-Fi|Action|Romance
1095,Movie 1095 (2010),Film-Noir|Children
1096,Movie 1096 (2005),Musical|Documentary|Children
1097,Movie 1097 (1984),Horror
1098,Movie 1098 (1990),Horror|Action|Adventure
1099,Movie 1099 (2011),Film-Noir|War|Fantasy
1100,Movie 1100 (1989),Romance|Horror|War|Crime
1101,Movie 1101 (2008),Musical
1102,Movie 1102 (2010),Crime|Animation|Sci-Fi
1103,Movie 1103 (1992),Children
1104,Movie 1104 (1990),Children|Western|Thriller|Comedy
1105,Movie 1105 (1983),Adventure|Action
1106,Movie 1106 (2007),War|Thriller|Documentary
1107,Movie 1107 (2005),Documentary|Thriller|Fantasy
1108,Movie 1108 (2000),War
1109,Movie 1109 (1986),Musical|Fantasy
1110,Movie 1110 (2004),Documentary|Fantasy|Animation
1111,Movie 1111 (1998),Western
1112,Movie 1112 (2001),Crime|Comedy
1113,Movie 1113 (1996),Children|Film-Noir
1114,Movie 1114 (2019),Romance|Action|Children|Fantasy
1115,Movie 1115 (1996),Romance
1116,Movie 1116 (2001),Crime|War
1117,Movie 1117 (1994),Documentary|Romance
1118,Movie 1118 (2007),Film-Noir|Drama
1119,Movie 1119 (2010),Crime|Mystery|Comedy
1120,Movie 1120 (2023),Adventure|Crime|Sci-Fi
1121,Movie 1121 (2025),Western|War|Drama|Horror
1122,Movie 1122 (2023),Western|Crime|Thriller
1123,Movie 1123 (1995),Animation|Musical|Crime
1124,Movie 1124 (2002),War
1125,Movie 1125 (2001),Action|Horror
1126,Movie 1126 (1989),Drama|Children
1127,Movie 1127 (2021),Western
1128,Movie 1128 (1994),Animation|Horror
1129,Movie 1129 (2001),Documentary|War|Crime
1130,Movie 1130 (1999),Children|War|Drama
1131,Movie 1131 (2013),Sci-Fi|Thriller
1132,Movie 1132 (2013),Crime|Sci-Fi|Action|Horror
1133,Movie 1133 (2004),Crime|Adventure
1134,Movie 1134 (1988),Crime|Children
1135,Movie 1135 (2011),Western|Horror|Drama|Film-Noir
1136,Movie 1136 (2017),Horror
1137,Movie 1137 (2019),Animation
1138,Movie 1138 (1993),Adventure
1139,Movie 1139 (2004),Western|Documentary
1140,Movie 1140 (1984),Children|Adventure|Drama|Documentary
1141,Movie 1141 (2016),Documentary|War
1142,Movie 1142 (1992),Fantasy|Animation|War|Musical
1143,Movie 1143 (2006),Mystery|Crime|Musical
1144,Movie 1144 (1990),Adventure
1145,Movie 1145 (1992),Romance
1146,Movie 1146 (1993),Crime|Drama
1147,Movie 1147 (2011),Fantasy
1148,Movie 1148 (1988),Western
1149,Movie 1149 (2011),Adventure
1150,Movie 1150 (2022),Western|Fantasy
1151,Movie 1151 (1988),Adventure|Musical|Fantasy|Children
1152,Movie 1152 (1991),Mystery
1153,Movie 1153 (2000),Crime|Romance
1154,Movie 1154 (1989),Horror|War|Children|Western
1155,Movie 1155 (1999),Documentary|Mystery
1156,Movie 1156 (1993),Comedy|Animation|Western|Drama
1157,Movie 1157 (2023),Thriller|Film-Noir
1158,Movie 1158 (2002),Film-Noir|Fantasy|Drama|Documentary
1159,Movie 1159 (2002),Documentary|Romance|Children|Comedy
1160,Movie 1160 (1990),Western|Action
1161,Movie 1161 (1988),Mystery|Crime|Documentary|Film-Noir
1162,Movie 1162 (1985),Children|Western
1163,Movie 1163 (2016),Horror|Crime|Comedy|Animation
1164,Movie 1164 (1993),Romance|War|Action
1165,Movie 1165 (2012),Mystery
1166,Movie 1166 (2013),Children
1167,Movie 1167 (1987),Children|Animation|Musical
1168,Movie 1168 (1982),Fantasy|Sci-Fi
1169,Movie 1169 (2005),Action|Fantasy|War|Horror
1170,Movie 1170 (2021),Crime|Children|Thriller
1171,Movie 1171 (1994),Romance
1172,Movie 1172 (2011),Horror
1173,Movie 1173 (1998),Sci-Fi
1174,Movie 1174 (2016),Adventure|Horror|Documentary
1175,Movie 1175 (2010),War|Fantasy
1176,Movie 1176 (2021),Crime
1177,Movie 1177 (2003),Sci-Fi
1178,Movie 1178 (2000),Romance
1179,Movie 1179 (1993),Film-Noir|Animation|Thriller|Action
1180,Movie 1180 (1984),Fantasy|Musical|Comedy|Crime
1181,Movie 1181 (1998),War
1182,Movie 1182 (1984),Comedy|Sci-Fi
1183,Movie 1183 (1999),Sci-Fi
1184,Movie 1184 (1993),Thriller|Horror
1185,Movie 1185 (2025),Horror|Documentary|Romance|Animation
1186,Movie 1186 (1982),Film-Noir|Fantasy|Crime
1187,Movie 1187 (1999),Crime|Adventure
1188,Movie 1188 (2017),Animation|Western|Action|Documentary
1189,Movie 1189 (2004),Drama|Mystery|Children
1190,Movie 1190 (2005),Sci-Fi|Horror|Film-Noir
1191,Movie 1191 (2010),Drama|Romance|Thriller|Film-Noir
1192,Movie 1192 (2016),Fantasy|Drama
1193,Movie 1193 (2002),Western|Animation|Romance
1194,Movie 1194 (2015),Adventure|Children|Comedy|War
1195,Movie 1195 (2008),Sci-Fi|Horror|Musical|Western
1196,Movie 1196 (2004),Comedy
1197,Movie 1197 (2025),Crime|Action
1198,Movie 1198 (2009),Adventure|Mystery|Documentary
1199,Movie 1199 (1996),Documentary
1200,Movie 1200 (1990),Romance|Crime|Documentary
1201,Movie 1201 (1986),Action|Comedy
1202,Movie 1202 (2003),Sci-Fi|Fantasy|Crime|Horror
1203,Movie 1203 (1989),Western
1204,Movie 1204 (1985),Western|Children|Film-Noir|Mystery
1205,Movie 1205 (2007),Sci-Fi|Animation
1206,Movie 1206 (1982),Thriller|Romance
1207,Movie 1207 (1981),Western|Romance
1208,Movie 1208 (1992),Sci-Fi|Fantasy
1209,Movie 1209 (1999),Animation|Comedy
1210,Movie 1210 (2006),Animation|Drama|Documentary
1211,Movie 1211 (2005),War
1212,Movie 1212 (2008),Action|Thriller|Comedy|Musical
1213,Movie 1213 (2000),Children|Fantasy|Western
1214,Movie 1214 (1989),Mystery
1215,Movie 1215 (1989),Sci-Fi|Mystery
1216,Movie 1216 (2011),Musical|Adventure|Western
1217,Movie 1217 (2002),Crime|Children|Romance|Thriller
1218,Movie 1218 (2009),Crime|Animation|Thriller
1219,Movie 1219 (2013),Children|Documentary|Crime|Thriller
1220,Movie 1220 (1984),Action|Horror
1221,Movie 1221 (1987),Drama|Crime|Western
1222,Movie 1222 (1995),Animation|Western
1223,Movie 1223 (1984),Musical|Crime|War
1224,Movie 1224 (2013),Animation|Drama|Western
1225,Movie 1225 (1992),Horror|Comedy|Documentary
1226,Movie 1226 (1995),Action|War|Adventure|Film-Noir
1227,Movie 1227 (2000),Mystery|Sci-Fi|Thriller
1228,Movie 1228 (1993),Film-Noir|Adventure|Musical|Children
1229,Movie 1229 (2014),Musical
1230,Movie 1230 (2004),Fantasy|Crime|Adventure|Horror
1231,Movie 1231 (1983),Children|Musical|Film-Noir|Documentary
1232,Movie 1232 (2009),Horror
1233,Movie 1233 (2024),Western|Animation
1234,Movie 1234 (1989),Action
1235,Movie 1235 (1985),Western
1236,Movie 1236 (2000),Fantasy|Children|Sci-Fi|Thriller
1237,Movie 1237 (1986),Thriller|Adventure
1238,Movie 1238 (2009),Action|Adventure
1239,Movie 1239 (1986),Comedy|Sci-Fi|Crime
1240,Movie 1240 (2005),Children|Action|Musical|Sci-Fi
1241,Movie 1241 (1999),Children|Romance|Mystery
1242,Movie 1242 (1985),Musical|Fantasy|Thriller|Action
1243,Movie 1243 (2018),Thriller|Drama|Western|Fantasy
1244,Movie 1244 (2011),Action|Comedy
1245,Movie 1245 (1989),Drama|Film-Noir
1246,Movie 1246 (1991),Horror|Comedy|Film-Noir|Musical
1247,Movie 1247 (2001),Musical
1248,Movie 1248 (1992),Children|Sci-Fi|Mystery|War
1249,Movie 1249 (1985),Children|Documentary
1250,Movie 1250 (1984),Crime|Fantasy|Mystery|Action
1251,Movie 1251 (2018),Musical|Film-Noir|Children
1252,Movie 1252 (2018),Documentary|Musical|Horror
1253,Movie 1253 (2010),Adventure|Documentary
1254,Movie 1254 (2010),Children|Crime|Romance
1255,Movie 1255 (2025),Animation|Documentary|Adventure
1256,Movie 1256 (2002),Comedy|Crime
1257,Movie 1257 (2012),Comedy|Drama|Romance
1258,Movie 1258 (1982),Thriller
1259,Movie 1259 (1997),Documentary
1260,Movie 1260 (2006),Western
1261,Movie 1261 (2022),Documentary|Thriller|Adventure
1262,Movie 1262 (2005),Children
1263,Movie 1263 (2001),Adventure
1264,Movie 1264 (2006),Romance|Crime|War|Drama
1265,Movie 1265 (2008),Adventure|Drama
1266,Movie 1266 (1980),Documentary|Film-Noir
1267,Movie 1267 (2004),Adventure|Mystery|Fantasy|Comedy
1268,Movie 1268 (1981),Sci-Fi
1269,Movie 1269 (2022),Romance|Sci-Fi
1270,Movie 1270 (2021),Crime
1271,Movie 1271 (2006),Drama|Mystery
1272,Movie 1272 (1986),Children|War|Sci-Fi
1273,Movie 1273 (1997),Western|Animation|Film-Noir|Drama
1274,Movie 1274 (2024),Comedy|Adventure|Thriller
1275,Movie 1275 (1994),Film-Noir
1276,Movie 1276 (2015),Children
1277,Movie 1277 (1990),Musical|Horror
1278,Movie 1278 (2017),Comedy
1279,Movie 1279 (1981),Documentary|Sci-Fi
1280,Movie 1280 (2015),Thriller|Crime|Horror|Animation
1281,Movie 1281 (2000),Film-Noir|Fantasy
1282,Movie 1282 (2011),War|Drama|Children|Action
1283,Movie 1283 (2009),Crime|Comedy
1284,Movie 1284 (2010),Fantasy
1285,Movie 1285 (2025),Animation|Romance|Fantasy
1286,Movie 1286 (2010),Animation|Action
1287,Movie 1287 (2002),Children|Horror
1288,Movie 1288 (2001),Crime|War|Mystery
1289,Movie 1289 (2014),Crime|Mystery|Action
1290,Movie 1290 (2022),Sci-Fi|Romance|Horror|Crime
1291,Movie 1291 (1991),Mystery
1292,Movie 1292 (2020),Musical|Comedy
1293,Movie 1293 (1982),Crime|Fantasy|Thriller|Film-Noir
1294,Movie 1294 (2009),Adventure
1295,Movie 1295 (1982),Adventure|Children|Horror|War
1296,Movie 1296 (2003),Thriller
1297,Movie 1297 (2011),Children|Fantasy|Action
1298,Movie 1298 (2002),Sci-Fi
1299,Movie 1299 (2005),Adventure|War|Children
1300,Movie 1300 (2019),Crime|Documentary|Sci-Fi
1301,Movie 1301 (2014),Western
1302,Movie 1302 (2014),Thriller|Mystery|Film-Noir|Western
1303,Movie 1303 (2016),Horror|Thriller|Film-Noir
1304,Movie 1304 (2005),Thriller
1305,Movie 1305 (1992),Drama|Romance|Comedy|Fantasy
1306,Movie 1306 (1980),Mystery
1307,Movie 1307 (1982),Romance|Crime|Sci-Fi
1308,Movie 1308 (2012),Romance|Children|War
1309,Movie 1309 (1987),Crime|Fantasy|Documentary|Drama
1310,Movie 1310 (1999),Musical|Crime
1311,Movie 1311 (1988),Romance|Western|War|Documentary
1312,Movie 1312 (2014),Animation|Western|War|Film-Noir
1313,Movie 1313 (1999),Sci-Fi|Western|Horror|Action
1314,Movie 1314 (1980),Thriller|Crime
1315,Movie 1315 (1990),Animation
1316,Movie 1316 (1991),Crime|Mystery|War|Thriller
1317,Movie 1317 (2016),Comedy
1318,Movie 1318 (2018),Horror
1319,Movie 1319 (1989),Children|Drama|Action|Film-Noir
1320,Movie 1320 (1984),Comedy|Musical|Crime|Adventure
1321,Movie 1321 (2005),Thriller|Action|Documentary
1322,Movie 1322 (1985),Documentary|Thriller|Fantasy|War
1323,Movie 1323 (1990),Drama|Mystery|Horror
1324,Movie 1324 (2011),Crime|Comedy|Mystery|Sci-Fi
1325,Movie 1325 (1998),Adventure
1326,Movie 1326 (2007),Sci-Fi|Musical
1327,Movie 1327 (1991),Musical|Animation
1328,Movie 1328 (2010),Horror|War|Children|Thriller
1329,Movie 1329 (2013),Documentary|Sci-Fi|Horror
1330,Movie 1330 (1986),Action|Animation|Sci-Fi|Crime
1331,Movie 1331 (1994),Film-Noir
1332,Movie 1332 (1991),War|Romance
1333,Movie 1333 (2005),Film-Noir|War|Animation
1334,Movie 1334 (2001),Thriller|Adventure|Children
1335,Movie 1335 (1983),Comedy|Musical
1336,Movie 1336 (1995),Sci-Fi|Horror|Musical|Animation
1337,Movie 1337 (1996),Crime
1338,Movie 1338 (1993),Drama|Documentary
1339,Movie 1339 (1989),War
1340,Movie 1340 (2018),Western|Animation|Comedy
1341,Movie 1341 (2014),Children|Western|Documentary
1342,Movie 1342 (1996),Crime|Mystery|Thriller|War
1343,Movie 1343 (2021),Fantasy|Action
1344,Movie 1344 (2008),Film-Noir|War
1345,Movie 1345 (1997),Adventure
1346,Movie 1346 (2010),Horror|Fantasy
1347,Movie 1347 (2021),Animation|Drama|Thriller|Comedy
1348,Movie 1348 (1997),Documentary
1349,Movie 1349 (1998),Horror|Mystery|Fantasy
1350,Movie 1350 (1990),Animation
1351,Movie 1351 (2006),Documentary|Crime|Romance|War
1352,Movie 1352 (1988),Adventure|War|Sci-Fi
1353,Movie 1353 (1994),Thriller|Crime|Drama
1354,Movie 1354 (1990),Adventure|Romance|Mystery
1355,Movie 1355 (2001),Film-Noir
1356,Movie 1356 (2021),Musical|Children|Crime
1357,Movie 1357 (2004),Romance|Western|Thriller|Fantasy
1358,Movie 1358 (2007),Comedy|Romance
1359,Movie 1359 (2009),Documentary|Animation
1360,Movie 1360 (2001),Thriller
1361,Movie 1361 (1982),Comedy|Musical
1362,Movie 1362 (2024),Horror|Animation|Film-Noir|Fantasy
1363,Movie 1363 (2022),Fantasy|Children
1364,Movie 1364 (2002),Animation|Sci-Fi|Comedy|Crime
1365,Movie 1365 (1986),Documentary|Romance
1366,Movie 1366 (1992),Comedy|Documentary|Mystery|War
1367,Movie 1367 (1982),Drama|Horror
1368,Movie 1368 (2022),Horror|Documentary|Thriller
1369,Movie 1369 (1984),Western|Drama|Documentary|Romance
1370,Movie 1370 (2005),Crime|Drama|Romance
1371,Movie 1371 (1989),Romance
1372,Movie 1372 (1994),Animation|Western|Children|Romance
1373,Movie 1373 (2010),Animation|Action
1374,Movie 1374 (2009),Drama|Film-Noir|Western
1375,Movie 1375 (2004),Thriller|Western
1376,Movie 1376 (1997),Sci-Fi
1377,Movie 1377 (2014),Horror
1378,Movie 1378 (1996),Mystery
1379,Movie 1379 (1988),Western
1380,Movie 1380 (2010),Documentary
1381,Movie 1381 (1995),Crime|Fantasy|Action|Documentary
1382,Movie 1382 (1994),Adventure|Thriller|Sci-Fi
1383,Movie 1383 (1999),Mystery
1384,Movie 1384 (1984),Horror|Crime|War|Musical
1385,Movie 1385 (1987),Thriller|Western
1386,Movie 1386 (1992),Adventure|Musical
1387,Movie 1387 (2006),Comedy|Thriller|Musical|Mystery
1388,Movie 1388 (2016),Thriller|Western
1389,Movie 1389 (2021),Western
1390,Movie 1390 (1991),Action
1391,Movie 1391 (1980),Action|Documentary
1392,Movie 1392 (2025),Film-Noir|Animation|Western
1393,Movie 1393 (2001),Sci-Fi|Drama|Film-Noir|Horror
1394,Movie 1394 (2021),Documentary|Mystery|Western|Sci-Fi
1395,Movie 1395 (1993),Drama|Children|Crime
1396,Movie 1396 (2000),Sci-Fi|Documentary|Comedy
1397,Movie 1397 (1983),Mystery|Children
1398,Movie 1398 (1998),Comedy|Musical|Documentary
1399,Movie 1399 (1980),Children|Musical|Film-Noir|Comedy
1400,Movie 1400 (2024),Mystery
1401,Movie 1401 (1993),Musical|Action
1402,Movie 1402 (2004),Romance|Comedy|Horror
1403,Movie 1403 (1983),Documentary|Crime
1404,Movie 1404 (2013),War|Action|Animation|Mystery
1405,Movie 1405 (1999),Thriller|Comedy|Animation|Western
1406,Movie 1406 (2020),Drama
1407,Movie 1407 (1982),Crime|Western|Adventure
1408,Movie 1408 (2020),Animation|Romance|Musical|Documentary
1409,Movie 1409 (2006),Thriller|Fantasy|Drama
1410,Movie 1410 (1998),Drama|Mystery|War
1411,Movie 1411 (1980),Film-Noir|War
1412,Movie 1412 (1986),Thriller|Crime
1413,Movie 1413 (2017),Musical|Thriller
1414,Movie 1414 (1986),Romance|Mystery
1415,Movie 1415 (2002),War|Documentary|Children|Thriller
1416,Movie 1416 (2015),Film-Noir
1417,Movie 1417 (2006),Horror|Drama|Sci-Fi|Thriller
1418,Movie 1418 (1980),Animation|Mystery|Documentary|Sci-Fi
1419,Movie 1419 (1987),Crime|Comedy
1420,Movie 1420 (2004),Comedy
1421,Movie 1421 (1988),Thriller|Adventure|Comedy|Musical
1422,Movie 1422 (1991),Children|Romance
1423,Movie 1423 (1996),Children|Crime
1424,Movie 1424 (1988),War|Action
1425,Movie 1425 (1984),Action
1426,Movie 1426 (1983),Animation
1427,Movie 1427 (1997),Western
1428,Movie 1428 (2017),Sci-Fi|Children|Romance|Fantasy
1429,Movie 1429 (2015),Sci-Fi|Adventure|Western|Mystery
1430,Movie 1430 (2013),Children|Adventure
1431,Movie 1431 (1992),Comedy
1432,Movie 1432 (2000),Horror|Action|War
1433,Movie 1433 (2003),Action|Comedy|War|Romance
1434,Movie 1434 (1992),Children|Horror
1435,Movie 1435 (2011),Action|Drama|Mystery|Adventure
1436,Movie 1436 (1990),Documentary|Musical|Drama
1437,Movie 1437 (1984),Romance|War|Comedy
1438,Movie 1438 (2003),Fantasy|War|Adventure
1439,Movie 1439 (1983),Fantasy|Documentary
1440,Movie 1440 (2023),Mystery|Sci-Fi|Comedy
1441,Movie 1441 (1982),War|Children|Crime
1442,Movie 1442 (2007),Romance|Mystery
1443,Movie 1443 (1991),Action|Thriller
1444,Movie 1444 (2011),Children
1445,Movie 1445 (2022),Fantasy|Thriller|Adventure
1446,Movie 1446 (2025),Musical|Adventure|Drama
1447,Movie 1447 (1993),Mystery|Film-Noir|Western
1448,Movie 1448 (1988),Animation
1449,Movie 1449 (1986),Animation|War|Fantasy|Adventure
1450,Movie 1450 (2003),Sci-Fi|War
1451,Movie 1451 (2003),War|Western|Sci-Fi
1452,Movie 1452 (1981),Thriller|Crime
1453,Movie 1453 (2021),Thriller|Western
1454,Movie 1454 (1986),Sci-Fi|Crime
1455,Movie 1455 (2013),Action|Romance|Drama|War
1456,Movie 1456 (1987),Action
1457,Movie 1457 (2015),Horror|Animation
1458,Movie 1458 (2006),Film-Noir|Comedy
1459,Movie 1459 (1985),Musical|Children
1460,Movie 1460 (1983),Documentary|Thriller|Film-Noir
1461,Movie 1461 (1985),Musical|Romance|Film-Noir|Children
1462,Movie 1462 (1997),War|Crime|Fantasy
1463,Movie 1463 (2025),Film-Noir
1464,Movie 1464 (2019),Film-Noir|War
1465,Movie 1465 (2024),Animation|War|Musical|Horror
1466,Movie 1466 (1998),Action|Mystery|Comedy|Documentary
1467,Movie 1467 (2018),Fantasy|Children|Mystery|Thriller
1468,Movie 1468 (1981),Drama
1469,Movie 1469 (2017),Musical|Mystery|Film-Noir
1470,Movie 1470 (2020),Sci-Fi|Horror|Children|Film-Noir
1471,Movie 1471 (1980),Musical|Film-Noir|Action
1472,Movie 1472 (2012),Action
1473,Movie 1473 (2000),Mystery
1474,Movie 1474 (1991),Fantasy|Musical
1475,Movie 1475 (2018),Musical
1476,Movie 1476 (1984),Romance|Adventure
1477,Movie 1477 (1998),Crime|Romance|Western|Film-Noir
1478,Movie 1478 (2013),Crime|Film-Noir|Sci-Fi
1479,Movie 1479 (1980),Mystery|Children|Action
1480,Movie 1480 (2021),Comedy|Crime|Drama
1481,Movie 1481 (2020),War|Documentary|Animation
1482,Movie 1482 (1997),Crime|Drama|Romance
1483,Movie 1483 (2009),Musical|Children|Action
1484,Movie 1484 (2014),Horror
1485,Movie 1485 (2020),Western|Film-Noir
1486,Movie 1486 (1986),Drama|Musical|Romance|Sci-Fi
1487,Movie 1487 (1981),Documentary|Horror
1488,Movie 1488 (1988),Adventure|Mystery|Film-Noir
1489,Movie 1489 (2000),Thriller|Adventure|Drama
1490,Movie 1490 (2017),Western|Animation|Documentary
1491,Movie 1491 (2024),Western|Comedy|Documentary|Romance
1492,Movie 1492 (2015),Western
1493,Movie 1493 (1992),Horror|War
1494,Movie 1494 (1994),Film-Noir|Children|Romance|Horror
1495,Movie 1495 (2022),Drama|Comedy|Film-Noir|Animation
1496,Movie 1496 (2021),Drama|Sci-Fi|Romance|Action
1497,Movie 1497 (2009),Animation|Romance|War
1498,Movie 1498 (1994),Sci-Fi|Drama|Western
1499,Movie 1499 (1998),Drama
1500,Movie 1500 (2014),War|Western|Animation
1501,Movie 1501 (1986),Children|Adventure|Thriller
1502,Movie 1502 (2006),Crime|Sci-Fi
1503,Movie 1503 (1993),Thriller|Western
1504,Movie 1504 (2010),Film-Noir|Fantasy|Comedy|Action
1505,Movie 1505 (1988),Fantasy|Children
1506,Movie 1506 (1995),Thriller|Documentary|Film-Noir|Mystery
1507,Movie 1507 (2009),Action|Horror|Children
1508,Movie 1508 (1980),Musical
1509,Movie 1509 (2009),Documentary|Mystery|Fantasy
1510,Movie 1510 (2001),Adventure|War|Romance
1511,Movie 1511 (2001),Mystery|Drama|Documentary|Film-Noir
1512,Movie 1512 (1993),Comedy|Action|Horror
1513,Movie 1513 (1983),Horror|Romance|War
1514,Movie 1514 (2007),Film-Noir|Mystery|Horror|Children
1515,Movie 1515 (1984),Thriller|Western
1516,Movie 1516 (1994),Crime|Comedy
1517,Movie 1517 (1997),Comedy
1518,Movie 1518 (2002),War|Mystery
1519,Movie 1519 (1980),Thriller|Fantasy|Crime|Musical
1520,Movie 1520 (2021),Fantasy|Adventure|Musical|Western
1521,Movie 1521 (2004),Documentary|Mystery|Film-Noir
1522,Movie 1522 (1992),Western|Sci-Fi
1523,Movie 1523 (2006),Thriller
1524,Movie 1524 (1982),Musical|Western
1525,Movie 1525 (1995),Documentary|Musical|Action|Children
1526,Movie 1526 (2013),Western
1527,Movie 1527 (2007),Adventure
1528,Movie 1528 (1982),Action|Musical
1529,Movie 1529 (1982),Mystery|Children
1530,Movie 1530 (2000),Children|Documentary
1531,Movie 1531 (2009),Mystery|Comedy
1532,Movie 1532 (1983),Animation
1533,Movie 1533 (2004),Sci-Fi|War|Fantasy|Film-Noir
1534,Movie 1534 (1993),Children|Drama
1535,Movie 1535 (2018),Musical|War|Sci-Fi|Crime
1536,Movie 1536 (1990),Western|Drama|Children|Fantasy
1537,Movie 1537 (2001),Comedy|Adventure|Action|Thriller
1538,Movie 1538 (2003),Children|Horror
1539,Movie 1539 (2022),Film-Noir|Drama|Children|Thriller
1540,Movie 1540 (1984),Mystery|Adventure|Children|Musical
1541,Movie 1541 (1988),Action|Western
1542,Movie 1542 (2009),Thriller|Action
1543,Movie 1543 (1998),Children
1544,Movie 1544 (2020),Children
1545,Movie 1545 (1984),Adventure|Thriller
1546,Movie 1546 (1995),War|Animation|Film-Noir|Musical
1547,Movie 1547 (2016),Horror
1548,Movie 1548 (2003),Children|Horror
1549,Movie 1549 (2013),Sci-Fi|Action|Children
1550,Movie 1550 (2009),Fantasy|Film-Noir|War
1551,Movie 1551 (1992),Mystery
1552,Movie 1552 (2019),Crime|Horror|Romance|Fantasy
1553,Movie 1553 (2025),Film-Noir|Drama|Comedy|Sci-Fi
1554,Movie 1554 (2005),Crime
1555,Movie 1555 (2020),Romance
1556,Movie 1556 (1991),Animation|Documentary|Comedy
1557,Movie 1557 (2008),Horror
1558,Movie 1558 (1984),War|Crime
1559,Movie 1559 (2023),Adventure|War|Crime|Mystery
1560,Movie 1560 (2004),Children|Film-Noir|Mystery
1561,Movie 1561 (1983),Fantasy|Film-Noir|Action
1562,Movie 1562 (1998),Adventure|Musical
1563,Movie 1563 (2003),Children|Romance|Documentary|Comedy
1564,Movie 1564 (1992),Musical|Fantasy
1565,Movie 1565 (2012),Western|War
1566,Movie 1566 (2012),Animation|Documentary|Comedy|Romance
1567,Movie 1567 (2000),Mystery|War
1568,Movie 1568 (2020),Fantasy|Sci-Fi|Film-Noir|Thriller
1569,Movie 1569 (1995),Drama
1570,Movie 1570 (2003),Adventure
1571,Movie 1571 (2006),Animation|Drama
1572,Movie 1572 (2008),Romance
1573,Movie 1573 (1996),Thriller|Children
1574,Movie 1574 (1982),Thriller|War
1575,Movie 1575 (1983),Western
1576,Movie 1576 (1991),Animation|Crime|Thriller|Comedy
1577,Movie 1577 (2013),Fantasy|Documentary
1578,Movie 1578 (1991),Animation|Musical|Crime
1579,Movie 1579 (1985),Horror
1580,Movie 1580 (2005),War
1581,Movie 1581 (2015),Mystery
1582,Movie 1582 (2019),War
1583,Movie 1583 (2019),Animation|Action
1584,Movie 1584 (2023),Musical|Comedy|Crime|Animation
1585,Movie 1585 (2011),Drama|War
1586,Movie 1586 (2023),Western|Crime
1587,Movie 1587 (2021),Western
1588,Movie 1588 (2021),Thriller|Crime
1589,Movie 1589 (2005),Western
1590,Movie 1590 (1996),Action
1591,Movie 1591 (1993),Adventure|Mystery|Documentary
1592,Movie 1592 (2018),Romance|Musical
1593,Movie 1593 (2000),Musical|Comedy|Drama
1594,Movie 1594 (2011),Horror|Fantasy|Musical|Action
1595,Movie 1595 (2008),Thriller|Fantasy|Film-Noir|Musical
1596,Movie 1596 (2009),Crime|Action|Animation|Musical
1597,Movie 1597 (2020),Adventure|Action
1598,Movie 1598 (1989),Comedy|Children|Documentary
1599,Movie 1599 (1984),Musical
1600,Movie 1600 (2008),Comedy|Action
1601,Movie 1601 (1998),Crime|Adventure
1602,Movie 1602 (2021),Crime|Drama
1603,Movie 1603 (2011),Drama|Sci-Fi|Comedy
1604,Movie 1604 (2022),War|Mystery|Thriller
1605,Movie 1605 (1996),Action
1606,Movie 1606 (1997),War|Sci-Fi|Adventure|Mystery
1607,Movie 1607 (1986),War|Comedy|Horror|Film-Noir
1608,Movie 1608 (1982),Comedy|Horror|Animation
1609,Movie 1609 (1999),Horror|Drama|Thriller|Action
1610,Movie 1610 (2012),Crime
1611,Movie 1611 (2013),Action|Film-Noir
1612,Movie 1612 (2001),Animation|Sci-Fi|Children
1613,Movie 1613 (2006),Horror|Documentary|Mystery|Adventure
1614,Movie 1614 (1980),Film-Noir
1615,Movie 1615 (2020),War|Comedy|Adventure|Crime
1616,Movie 1616 (2024),Mystery|Drama|Animation|Thriller
1617,Movie 1617 (2011),Comedy
1618,Movie 1618 (1987),Comedy
1619,Movie 1619 (1984),Adventure|Documentary
1620,Movie 1620 (2006),Fantasy|War
1621,Movie 1621 (2005),Comedy|Adventure|Documentary|Drama
1622,Movie 1622 (2006),Crime|Romance|Mystery|Thriller
1623,Movie 1623 (2020),Adventure|Mystery|Sci-Fi
1624,Movie 1624 (2021),Thriller|War|Comedy|Crime
1625,Movie 1625 (2017),Children
1626,Movie 1626 (1996),Romance
1627,Movie 1627 (2002),Adventure
1628,Movie 1628 (1994),Film-Noir|Documentary|Musical|Mystery
1629,Movie 1629 (1981),Comedy|Romance|Horror
1630,Movie 1630 (2013),Documentary|Sci-Fi|Mystery
1631,Movie 1631 (2001),Comedy
1632,Movie 1632 (2012),Western|Mystery|Drama|Animation
1633,Movie 1633 (1999),Comedy|Western
1634,Movie 1634 (1995),Animation|Documentary
1635,Movie 1635 (2022),War
1636,Movie 1636 (1999),Thriller|Film-Noir|Adventure
1637,Movie 1637 (2012),Fantasy|Mystery|Documentary|War
1638,Movie 1638 (1987),War
1639,Movie 1639 (2024),War|Musical|Mystery
1640,Movie 1640 (2023),Crime|Animation
1641,Movie 1641 (1980),Adventure|Romance|Documentary|Drama
1642,Movie 1642 (1985),Fantasy|Animation
1643,Movie 1643 (2013),Documentary|Western
1644,Movie 1644 (1991),War|Horror
1645,Movie 1645 (2025),Documentary|Sci-Fi
1646,Movie 1646 (2022),Adventure|Mystery|Children
1647,Movie 1647 (2014),War|Drama
1648,Movie 1648 (2007),Crime|Mystery
1649,Movie 1649 (1988),Action|Horror|Thriller|Musical
1650,Movie 1650 (2013),Crime|Sci-Fi|Mystery|Thriller
1651,Movie 1651 (1992),Children|Documentary|Romance
1652,Movie 1652 (2018),War|Mystery|Horror|Comedy
1653,Movie 1653 (2020),Mystery
1654,Movie 1654 (1985),Animation|Comedy|Action
1655,Movie 1655 (1998),Animation
1656,Movie 1656 (2023),Animation|Mystery
1657,Movie 1657 (1980),Western|Film-Noir|Documentary|Children
1658,Movie 1658 (2014),Thriller
1659,Movie 1659 (2022),Animation|Sci-Fi
1660,Movie 1660 (1989),Musical
1661,Movie 1661 (1982),Western
1662,Movie 1662 (1999),Adventure|Musical|Action|Romance
1663,Movie 1663 (1990),Romance|Film-Noir|Comedy|Animation
1664,Movie 1664 (2012),Children
1665,Movie 1665 (2016),Action
1666,Movie 1666 (1992),Fantasy
1667,Movie 1667 (2000),Film-Noir
1668,Movie 1668 (2019),Musical|Drama|Romance|Documentary
1669,Movie 1669 (2014),Western|Animation|Comedy|Horror
1670,Movie 1670 (2013),Sci-Fi|War|Action|Adventure
1671,Movie 1671 (2020),Romance|Horror|War|Fantasy
1672,Movie 1672 (1999),Action
1673,Movie 1673 (2013),Fantasy
1674,Movie 1674 (1992),Mystery|Romance|Musical|Film-Noir
1675,Movie 1675 (2023),Film-Noir
1676,Movie 1676 (1991),War
1677,Movie 1677 (2015),Animation
1678,Movie 1678 (2012),Adventure|Film-Noir|Fantasy
1679,Movie 1679 (1989),Animation|Horror|War|Documentary
1680,Movie 1680 (1992),Drama|Western|Animation|Documentary
1681,Movie 1681 (1988),Horror|Fantasy|Adventure
1682,Movie 1682 (2001),Documentary|Romance|Crime|Thriller
1683,Movie 1683 (1999),Western|Adventure|Romance|Fantasy
1684,Movie 1684 (1986),Comedy|Western
1685,Movie 1685 (1991),Comedy|Crime|Western|Animation
1686,Movie 1686 (1989),Documentary|Romance
1687,Movie 1687 (2014),Western|Children
1688,Movie 1688 (1987),Crime|Horror|Romance|Children
1689,Movie 1689 (2010),Drama|Western
1690,Movie 1690 (1995),Crime|Drama
1691,Movie 1691 (2023),Children|Drama|War
1692,Movie 1692 (2002),Action|Drama|Adventure|Sci-Fi
1693,Movie 1693 (2003),Sci-Fi|Drama|Film-Noir|Children
1694,Movie 1694 (2020),Drama
1695,Movie 1695 (1996),Horror|Animation
1696,Movie 1696 (2006),Children|Sci-Fi
1697,Movie 1697 (1999),Musical|Action|Crime|Comedy
1698,Movie 1698 (2023),Fantasy|Animation
1699,Movie 1699 (1991),Mystery|Romance
1700,Movie 1700 (1983),Film-Noir|Action|Thriller|Romance
1701,Movie 1701 (1985),Horror|Romance
1702,Movie 1702 (2017),Drama|Adventure
1703,Movie 1703 (1981),Comedy
1704,Movie 1704 (2020),Thriller|Horror|Comedy|Drama
1705,Movie 1705 (2013),Horror
1706,Movie 1706 (2006),Musical|Western|Mystery|Documentary
1707,Movie 1707 (2021),Adventure|Horror|Drama|Western
1708,Movie 1708 (1998),Western
1709,Movie 1709 (1993),War|Horror|Documentary|Thriller
1710,Movie 1710 (1985),Adventure|Drama
1711,Movie 1711 (2018),Musical
1712,Movie 1712 (2016),Adventure|Action
1713,Movie 1713 (1998),Adventure|Sci-Fi
1714,Movie 1714 (2015),Mystery|Film-Noir
1715,Movie 1715 (1981),Sci-Fi|Drama|Documentary|Animation
1716,Movie 1716 (1988),Documentary
1717,Movie 1717 (1996),Animation|Adventure|Film-Noir|Sci-Fi
1718,Movie 1718 (2023),Children
1719,Movie 1719 (2000),Horror|Sci-Fi|Romance|Thriller
1720,Movie 1720 (1997),Drama|Thriller
1721,Movie 1721 (2003),Horror|Adventure
1722,Movie 1722 (2005),Adventure|Musical|Thriller
1723,Movie 1723 (2002),Action|Adventure|Fantasy
1724,Movie 1724 (1997),Animation|Sci-Fi|Musical|Documentary
1725,Movie 1725 (2010),Animation
1726,Movie 1726 (1996),War|Thriller|Fantasy|Film-Noir
1727,Movie 1727 (2006),Children|Documentary|Thriller
1728,Movie 1728 (1999),Sci-Fi
1729,Movie 1729 (1985),Film-Noir
1730,Movie 1730 (1987),War|Comedy|Mystery
1731,Movie 1731 (2025),Horror|Comedy|Adventure|Sci-Fi
1732,Movie 1732 (1984),Animation|Thriller|Action
1733,Movie 1733 (2007),Mystery|Romance|Action|Children
1734,Movie 1734 (1985),Romance|Western|Animation
1735,Movie 1735 (2020),Documentary|Fantasy
1736,Movie 1736 (1981),Horror|Comedy|Adventure|Crime
1737,Movie 1737 (2022),Musical|Fantasy
1738,Movie 1738 (2010),Action|Fantasy|Musical
1739,Movie 1739 (1989),Musical|Film-Noir
1740,Movie 1740 (1994),War|Horror|Film-Noir|Drama
1741,Movie 1741 (1985),Western|Fantasy|Adventure
1742,Movie 1742 (2015),Animation|Adventure|Western
1743,Movie 1743 (2009),Horror|Crime
1744,Movie 1744 (2023),War|Horror|Crime|Musical
1745,Movie 1745 (2010),Fantasy|Children|War|Romance
1746,Movie 1746 (1985),Children|Animation|Adventure|Documentary
1747,Movie 1747 (1999),Sci-Fi|Drama
1748,Movie 1748 (2021),Action
1749,Movie 1749 (1986),Children
1750,Movie 1750 (1994),Horror|Film-Noir|Comedy|Children
1751,Movie 1751 (2009),Mystery|Sci-Fi
1752,Movie 1752 (1987),Drama|Documentary
1753,Movie 1753 (2022),Comedy|Musical|Film-Noir
1754,Movie 1754 (1996),Mystery|Comedy|Sci-Fi|Animation
1755,Movie 1755 (1998),Adventure
1756,Movie 1756 (1982),Animation|Romance
1757,Movie 1757 (2010),Film-Noir|War
1758,Movie 1758 (2018),Romance|Sci-Fi|Adventure|Musical
1759,Movie 1759 (2021),Mystery
1760,Movie 1760 (2015),Romance|Musical|Film-Noir|Documentary
1761,Movie 1761 (2024),Animation|Children|Sci-Fi|War
1762,Movie 1762 (1984),War
1763,Movie 1763 (1998),War
1764,Movie 1764 (2013),Horror
1765,Movie 1765 (2014),Adventure
1766,Movie 1766 (1992),Documentary|Children|Fantasy
1767,Movie 1767 (2012),Horror|Children|Sci-Fi
1768,Movie 1768 (1998),Children|Fantasy
1769,Movie 1769 (1982),Film-Noir|Action|Adventure|Horror
1770,Movie 1770 (2015),Drama|Adventure
1771,Movie 1771 (2014),War|Comedy|Action
1772,Movie 1772 (2011),Sci-Fi|Crime|Documentary
1773,Movie 1773 (2004),Action|Crime
1774,Movie 1774 (1987),Romance
1775,Movie 1775 (2023),Sci-Fi|Mystery|Action
1776,Movie 1776 (1995),Thriller|Action
1777,Movie 1777 (1989),Sci-Fi|Musical
1778,Movie 1778 (2022),Comedy|Horror
1779,Movie 1779 (1999),Documentary|Children|Thriller|Western
1780,Movie 1780 (2004),Action
1781,Movie 1781 (2003),Musical
1782,Movie 1782 (2020),Comedy|Fantasy|Drama|Documentary
1783,Movie 1783 (2025),Romance|Western|Crime|Adventure
1784,Movie 1784 (1994),Crime|Horror|Fantasy|Sci-Fi
1785,Movie 1785 (1986),Mystery|Western|Sci-Fi|Comedy
1786,Movie 1786 (1998),War|Sci-Fi|Western
1787,Movie 1787 (2015),Drama
1788,Movie 1788 (1982),Action|War
1789,Movie 1789 (2015),Film-Noir
1790,Movie 1790 (2004),Comedy|Drama|Western
1791,Movie 1791 (2011),Drama
1792,Movie 1792 (2017),War
1793,Movie 1793 (1986),Thriller|Mystery|Romance
1794,Movie 1794 (1995),Animation
1795,Movie 1795 (1992),Animation
1796,Movie 1796 (2022),Action|Horror|Children|Documentary
1797,Movie 1797 (1983),Crime|Animation
1798,Movie 1798 (2019),Musical
1799,Movie 1799 (2023),Animation
1800,Movie 1800 (2004),Thriller|Children|Sci-Fi|Action
1801,Movie 1801 (2004),Romance|Action|Horror|Fantasy
1802,Movie 1802 (1987),Sci-Fi
1803,Movie 1803 (2003),Children|Comedy|Documentary|Mystery
1804,Movie 1804 (2020),Sci-Fi|Horror|Animation|Drama
1805,Movie 1805 (2004),Thriller|War
1806,Movie 1806 (2004),Action|Musical|Horror|Mystery
1807,Movie 1807 (1987),Drama|Romance|War
1808,Movie 1808 (1982),Drama
1809,Movie 1809 (2016),War|Thriller
1810,Movie 1810 (2014),Romance|Sci-Fi|Animation
1811,Movie 1811 (1996),Horror|Animation|Drama
1812,Movie 1812 (1993),Drama|Horror
1813,Movie 1813 (2022),Action|War|Western|Mystery
1814,Movie 1814 (1998),Sci-Fi|Horror|War
1815,Movie 1815 (1998),Children|War|Film-Noir|Comedy
1816,Movie 1816 (2020),Animation|Musical|Children|Adventure
1817,Movie 1817 (1987),Documentary|Romance
1818,Movie 1818 (1985),Western|Fantasy
1819,Movie 1819 (1995),War|Animation
1820,Movie 1820 (2011),Mystery|Thriller
1821,Movie 1821 (2004),Musical|Film-Noir
1822,Movie 1822 (2011),Horror|Action
1823,Movie 1823 (2006),Film-Noir
1824,Movie 1824 (1990),Western|Documentary|Film-Noir|Fantasy
1825,Movie 1825 (1985),Children|Crime|Mystery
1826,Movie 1826 (2010),Action|Western
1827,Movie 1827 (2014),Action|Western
1828,Movie 1828 (2006),Comedy|Children
1829,Movie 1829 (2023),Children|Animation|War
1830,Movie 1830 (2021),War|Animation
1831,Movie 1831 (1992),Drama|Sci-Fi|Animation
1832,Movie 1832 (2020),Action|Romance|Children
1833,Movie 1833 (2004),War|Animation
1834,Movie 1834 (1994),Adventure
1835,Movie 1835 (2023),Action
1836,Movie 1836 (2021),Action
1837,Movie 1837 (1996),Fantasy|Musical|Documentary
1838,Movie 1838 (1993),Sci-Fi
1839,Movie 1839 (1990),Fantasy|Musical|Children
1840,Movie 1840 (2002),Adventure|Musical|Action
1841,Movie 1841 (1982),Fantasy|Film-Noir
1842,Movie 1842 (1985),Western|Horror|Film-Noir|Sci-Fi
1843,Movie 1843 (2001),Thriller|Fantasy|Adventure
1844,Movie 1844 (2021),War
1845,Movie 1845 (2007),Western|Film-Noir|Animation|Adventure
1846,Movie 1846 (2024),Romance
1847,Movie 1847 (1980),Western
1848,Movie 1848 (2002),Comedy|Fantasy|Action|Documentary
1849,Movie 1849 (2022),Animation|Drama|Horror
1850,Movie 1850 (1996),Children|Film-Noir|Western|Romance
1851,Movie 1851 (1989),Children|Sci-Fi|Crime
1852,Movie 1852 (2014),Comedy|Children|Mystery
1853,Movie 1853 (1996),Horror|Comedy|Romance
1854,Movie 1854 (2008),Documentary
1855,Movie 1855 (2001),Mystery|Adventure|Drama|Children
1856,Movie 1856 (1991),Sci-Fi|Mystery
1857,Movie 1857 (2002),Children|Romance|Comedy|Action
1858,Movie 1858 (1999),War|Fantasy
1859,Movie 1859 (2004),Western|Action|Musical|Drama
1860,Movie 1860 (1989),Sci-Fi|Action|Romance|Documentary
1861,Movie 1861 (2013),Adventure
1862,Movie 1862 (2000),Children
1863,Movie 1863 (1982),Children|Documentary|Musical|War
1864,Movie 1864 (2009),Western|Thriller|Fantasy
1865,Movie 1865 (2020),Horror|Film-Noir
1866,Movie 1866 (1981),Romance
1867,Movie 1867 (1984),Musical|Drama|Thriller
1868,Movie 1868 (1999),War|Mystery|Crime
1869,Movie 1869 (1983),Crime|Documentary
1870,Movie 1870 (1994),War|Drama|Fantasy|Mystery
1871,Movie 1871 (2018),Romance|Sci-Fi|Thriller
1872,Movie 1872 (2013),War
1873,Movie 1873 (2009),Sci-Fi|Western
1874,Movie 1874 (1997),Mystery
1875,Movie 1875 (1998),Thriller|War|Mystery|Animation
1876,Movie 1876 (1999),Animation|Action|Adventure|Sci-Fi
1877,Movie 1877 (1994),Sci-Fi|Action|Musical
1878,Movie 1878 (2024),Horror|Action
1879,Movie 1879 (2007),Romance|Comedy
1880,Movie 1880 (2021),Children|Western
1881,Movie 1881 (1988),Sci-Fi
1882,Movie 1882 (1982),Adventure|Western
1883,Movie 1883 (1985),Sci-Fi|Musical|Children
1884,Movie 1884 (1989),Children|Animation|Sci-Fi
1885,Movie 1885 (2005),Fantasy
1886,Movie 1886 (2022),Animation|Western|Documentary|Action
1887,Movie 1887 (2008),Fantasy
1888,Movie 1888 (1988),Documentary|Western
1889,Movie 1889 (2000),Action|Western
1890,Movie 1890 (2022),Western
1891,Movie 1891 (2016),Western|Action|Fantasy|War
1892,Movie 1892 (2023),Thriller
1893,Movie 1893 (2006),Drama|Action|Thriller|Adventure
1894,Movie 1894 (2020),Animation|Fantasy|Sci-Fi
1895,Movie 1895 (2020),Documentary|Thriller
1896,Movie 1896 (2022),Film-Noir
1897,Movie 1897 (2009),Fantasy|Thriller|Crime|War
1898,Movie 1898 (2009),Romance
1899,Movie 1899 (2007),Animation|Sci-Fi
1900,Movie 1900 (1990),Crime|Mystery
1901,Movie 1901 (2021),Sci-Fi|Horror|Crime
1902,Movie 1902 (1998),Thriller|Mystery|Sci-Fi|Documentary
1903,Movie 1903 (2001),Musical|Film-Noir|Action
1904,Movie 1904 (2009),Sci-Fi|Drama|Crime|Documentary
1905,Movie 1905 (2021),Crime|Animation
1906,Movie 1906 (1985),Mystery|Western
1907,Movie 1907 (1983),Drama|War
1908,Movie 1908 (1991),Sci-Fi|Children|Romance
1909,Movie 1909 (2021),Drama|Crime|Animation
1910,Movie 1910 (2013),Action|Crime|Children|Film-Noir
1911,Movie 1911 (1984),Crime|Adventure|Mystery
1912,Movie 1912 (1982),Children|Sci-Fi
1913,Movie 1913 (1986),Musical|Film-Noir
1914,Movie 1914 (1981),Adventure|Crime|Musical
1915,Movie 1915 (2020),Crime|Documentary
1916,Movie 1916 (1996),Crime|Animation
1917,Movie 1917 (2015),War|Film-Noir|Romance
1918,Movie 1918 (1980),Crime|War
1919,Movie 1919 (1987),Musical
1920,Movie 1920 (2021),Western|War|Drama
1921,Movie 1921 (2017),War|Horror|Fantasy|Western
1922,Movie 1922 (1993),Horror|Drama|Children
1923,Movie 1923 (2012),Fantasy
1924,Movie 1924 (2021),Documentary
1925,Movie 1925 (1988),Animation
1926,Movie 1926 (2007),War|Musical|Comedy|Fantasy
1927,Movie 1927 (1995),Children|War
1928,Movie 1928 (2018),Thriller
1929,Movie 1929 (2003),Horror|War|Sci-Fi
1930,Movie 1930 (1991),Mystery
1931,Movie 1931 (1990),Fantasy
1932,Movie 1932 (1986),Action|Drama
1933,Movie 1933 (1990),Horror
1934,Movie 1934 (1980),Animation|War|Children
1935,Movie 1935 (1983),Mystery|Western|Horror
1936,Movie 1936 (1988),Adventure|Romance|Horror
1937,Movie 1937 (1996),Thriller|Crime
1938,Movie 1938 (2001),Animation|Sci-Fi|Fantasy|Comedy
1939,Movie 1939 (1992),Adventure|Action|Documentary|Crime
1940,Movie 1940 (2010),Drama
1941,Movie 1941 (1985),Horror|Film-Noir|Mystery
1942,Movie 1942 (2003),Drama|Western|Mystery|Horror
1943,Movie 1943 (2014),Crime|Animation|Musical|Children
1944,Movie 1944 (2020),Horror|Thriller
1945,Movie 1945 (1989),Mystery
1946,Movie 1946 (1986),Musical|Thriller|Mystery|Crime
1947,Movie 1947 (2001),Adventure|Animation|Crime|Thriller
1948,Movie 1948 (2006),Horror|Thriller
1949,Movie 1949 (2005),Documentary|Horror|Thriller|Adventure
1950,Movie 1950 (2022),Animation|Drama|Action
1951,Movie 1951 (1989),Drama
1952,Movie 1952 (2024),Action|Children|Crime|Drama
1953,Movie 1953 (2006),Thriller|Adventure|Fantasy|Comedy
1954,Movie 1954 (2024),Adventure|Fantasy|Thriller
1955,Movie 1955 (2020),Adventure
1956,Movie 1956 (1999),Thriller|Mystery|Western
1957,Movie 1957 (2011),Film-Noir
1958,Movie 1958 (1987),War|Children
1959,Movie 1959 (2022),Mystery
1960,Movie 1960 (1990),Romance|Crime|Western|Comedy
1961,Movie 1961 (1986),Comedy
1962,Movie 1962 (2024),Film-Noir|Western
1963,Movie 1963 (2000),Adventure|Thriller|Musical
1964,Movie 1964 (2024),Crime
1965,Movie 1965 (1997),Film-Noir|Mystery|Fantasy
1966,Movie 1966 (1998),Mystery|Romance
1967,Movie 1967 (1989),Film-Noir|Children
1968,Movie 1968 (2007),Romance|Action|Adventure|Thriller
1969,Movie 1969 (2018),Documentary
1970,Movie 1970 (1999),Drama|Thriller
1971,Movie 1971 (1983),Musical|Comedy|Romance|Thriller
1972,Movie 1972 (1986),Action
1973,Movie 1973 (2008),Romance|Sci-Fi
1974,Movie 1974 (2013),Action|Sci-Fi|Western|Crime
1975,Movie 1975 (2007),War|Drama
1976,Movie 1976 (2016),Crime|Documentary
1977,Movie 1977 (2003),Children|Horror
1978,Movie 1978 (2017),Thriller|War|Crime|Western
1979,Movie 1979 (2002),Adventure
1980,Movie 1980 (2013),Sci-Fi|Children|Thriller
1981,Movie 1981 (2016),Thriller|War|Horror
1982,Movie 1982 (2018),Animation|Film-Noir
1983,Movie 1983 (1982),Film-Noir|Animation
1984,Movie 1984 (2002),Comedy|Drama
1985,Movie 1985 (1997),Fantasy|Horror|Animation
1986,Movie 1986 (2006),Action
1987,Movie 1987 (2021),Animation|Film-Noir|Western
1988,Movie 1988 (1984),Documentary
1989,Movie 1989 (2012),Romance|Children|Adventure|Thriller
1990,Movie 1990 (2021),Musical|Adventure
1991,Movie 1991 (1999),Documentary
1992,Movie 1992 (2017),Adventure|Western|Action|Film-Noir
1993,Movie 1993 (1996),Romance|Sci-Fi|Film-Noir
1994,Movie 1994 (2010),Mystery|Film-Noir|Adventure|Thriller
1995,Movie 1995 (1999),Western
1996,Movie 1996 (1984),Crime|Thriller|Drama
1997,Movie 1997 (2018),Documentary|Comedy
1998,Movie 1998 (2017),Thriller|Mystery|Romance
1999,Movie 1999 (2021),War|Musical|Horror|Comedy
2000,Movie 2000 (1981),Film-Noir|Animation|Romance
